data;temp_ar_media;temp_ar_max;temp_ar_min;umidade_ar_media;radiacao_PAR;chuva_mm;h_calor_extremo;h_umid_alta;pH;N_mgL;P_mgL;K_mgL;temp_substrato;umidade_solo;luminosidade_lux;acao_label;acao_nome
2025-01-01;18,0;22,6;13,8;83,5;647,2;9,7;0;5;6,06;199,0;42,3;275,9;15,4;88,9;455,1;1;Travar Irrigação
2025-01-02;17,9;24,8;12,9;82,4;690,5;0,0;0;6;5,75;163,7;44,2;277,7;15,4;77,2;454,1;0;Ideal
2025-01-03;17,6;24,0;14,0;76,8;567,2;1,5;0;3;5,88;154,8;47,3;267,6;15,3;65,6;416,3;2;Irrigar
2025-01-04;17,3;22,0;12,6;85,1;596,5;10,0;0;5;6,01;197,1;39,5;284,5;14,4;87,4;442,3;1;Travar Irrigação
2025-01-05;15,9;23,0;10,9;86,2;769,4;8,8;0;7;6,03;168,3;42,1;237,7;13,7;83,7;510,5;0;Ideal
2025-01-06;17,0;24,3;12,7;81,7;619,9;27,1;0;3;5,81;180,8;38,8;239,8;14,7;89,3;431,0;1;Travar Irrigação
2025-01-07;17,1;21,8;11,7;90,0;587,7;11,5;0;9;5,91;205,7;46,6;257,9;14,3;87,7;406,1;1;Travar Irrigação
2025-01-08;16,6;21,9;12,8;78,8;713,4;24,1;0;4;5,87;196,4;32,4;303,0;14,1;84,9;498,0;0;Ideal
2025-01-09;17,3;24,2;13,6;77,9;764,3;0,0;0;3;5,87;150,4;51,0;271,0;15,1;74,9;519,7;2;Irrigar
2025-01-10;18,0;24,7;12,7;84,7;725,8;2,8;0;6;5,97;177,9;47,0;216,8;15,5;70,0;514,5;2;Irrigar
2025-01-11;19,8;24,8;15,0;88,0;746,8;0,9;0;9;5,99;169,4;41,7;267,2;16,8;76,8;517,2;0;Ideal
2025-01-12;17,7;22,8;12,5;90,6;605,3;12,2;0;8;5,74;179,6;35,8;229,2;14,6;86,4;443,6;1;Travar Irrigação
2025-01-13;17,8;23,4;13,2;82,1;550,8;8,3;0;4;5,93;177,1;42,7;258,5;15,0;72,8;359,3;0;Ideal
2025-01-14;17,4;23,4;13,3;88,3;783,3;0,4;0;9;5,92;183,8;44,4;259,6;14,4;74,9;528,5;0;Ideal
2025-01-15;15,2;21,6;9,6;83,8;635,9;3,6;0;7;5,98;167,4;40,2;233,3;12,4;80,2;452,9;0;Ideal
2025-01-16;17,5;23,1;12,0;83,3;640,2;25,1;0;5;5,99;194,7;35,6;261,7;14,6;95,0;430,2;1;Travar Irrigação
2025-01-17;17,6;23,5;12,3;87,5;765,0;5,6;0;8;6,02;197,6;49,5;259,8;15,4;91,0;526,3;1;Travar Irrigação
2025-01-18;20,5;27,2;16,3;86,6;701,7;4,5;0;8;5,82;148,5;45,6;221,1;17,8;77,6;494,0;2;Irrigar
2025-01-19;17,3;21,9;12,3;77,7;692,1;4,9;0;2;5,91;187,7;47,7;246,2;14,4;70,4;496,9;0;Ideal
2025-01-20;17,9;23,1;13,5;89,9;827,1;1,9;0;7;6,04;187,8;48,8;240,5;16,2;82,4;590,0;0;Ideal
2025-01-21;17,5;24,1;13,8;89,5;600,7;0,0;0;9;6,11;156,7;42,9;251,6;15,3;64,6;431,9;2;Irrigar
2025-01-22;16,1;23,3;10,3;81,5;724,6;3,7;0;6;6,01;195,3;44,3;245,3;13,2;81,7;518,9;0;Ideal
2025-01-23;18,9;24,9;15,1;85,6;653,1;0,4;0;7;5,93;177,4;36,7;243,2;17,4;63,2;460,0;0;Ideal
2025-01-24;18,5;24,6;12,6;85,9;668,2;11,7;0;5;6,02;161,9;40,7;293,4;16,0;95,0;442,7;1;Travar Irrigação
2025-01-25;18,5;23,3;13,9;85,0;767,1;4,3;0;8;6,01;178,4;45,9;281,0;15,6;76,8;509,1;0;Ideal
2025-01-26;16,5;22,3;12,5;81,7;683,4;13,8;0;4;5,95;189,4;42,6;296,5;14,2;87,2;465,2;1;Travar Irrigação
2025-01-27;19,3;25,4;14,4;81,2;683,8;15,2;0;4;5,84;205,3;45,7;264,0;16,8;82,3;496,3;0;Ideal
2025-01-28;15,9;21,2;10,2;83,8;724,5;1,9;0;6;5,97;217,7;40,5;260,5;13,5;76,2;503,9;0;Ideal
2025-01-29;18,3;23,6;13,0;88,5;607,4;8,6;0;9;5,89;202,1;43,6;247,1;16,5;88,1;427,2;1;Travar Irrigação
2025-01-30;20,3;25,9;14,8;86,0;567,3;5,1;0;7;5,94;196,8;39,0;269,6;16,7;81,2;373,7;0;Ideal
2025-01-31;16,5;21,0;11,3;82,3;548,6;17,0;0;5;6,03;182,1;39,2;254,3;13,8;95,0;346,7;1;Travar Irrigação
2025-02-01;17,0;22,5;11,8;86,8;472,7;1,9;0;7;6,05;196,4;39,2;243,1;15,3;67,2;313,6;0;Ideal
2025-02-02;17,8;23,0;12,2;72,3;792,2;9,1;0;1;5,94;186,8;36,7;275,4;14,8;85,8;570,4;1;Travar Irrigação
2025-02-03;17,1;22,6;13,0;88,2;537,1;7,5;0;8;6,0;194,9;48,3;270,0;14,0;82,4;407,2;0;Ideal
2025-02-04;15,9;20,8;11,2;76,6;605,2;2,8;0;0;5,78;179,8;45,3;268,7;12,9;79,1;458,5;0;Ideal
2025-02-05;17,9;25,0;13,8;82,1;598,4;1,2;0;5;5,92;170,3;38,2;276,4;15,9;74,1;418,8;0;Ideal
2025-02-06;16,5;22,8;10,6;79,0;642,6;8,4;0;4;5,83;165,6;44,1;292,8;13,3;89,0;458,5;1;Travar Irrigação
2025-02-07;18,4;25,0;12,6;78,2;680,8;10,7;0;2;5,99;159,9;34,5;266,3;16,2;92,9;487,1;1;Travar Irrigação
2025-02-08;16,8;23,6;13,2;88,0;681,8;0,0;0;8;5,93;165,6;49,9;245,9;15,1;69,0;501,1;0;Ideal
2025-02-09;19,8;25,8;14,5;81,4;563,7;8,3;0;4;5,96;185,1;38,8;261,5;17,5;80,1;385,7;0;Ideal
2025-02-10;17,0;21,8;11,2;84,6;594,4;4,0;0;8;5,91;188,1;34,5;281,5;14,0;68,1;390,8;0;Ideal
2025-02-11;17,6;23,7;13,6;83,0;627,7;10,0;0;7;5,77;161,3;37,2;318,8;14,8;83,0;445,4;0;Ideal
2025-02-12;19,0;25,2;14,1;85,0;582,5;1,8;0;6;5,94;185,6;39,3;306,3;17,4;62,3;392,4;0;Ideal
2025-02-13;16,6;23,3;10,8;83,3;728,2;17,7;0;5;5,89;165,3;42,0;251,8;15,2;95,0;512,9;1;Travar Irrigação
2025-02-14;18,4;24,2;14,8;77,8;636,1;2,7;0;3;5,95;205,3;41,4;249,6;15,9;77,6;447,4;0;Ideal
2025-02-15;19,7;24,6;14,5;86,8;652,8;0,0;0;6;5,82;170,5;44,7;268,1;18,2;62,2;464,6;0;Ideal
2025-02-16;16,2;21,6;12,0;80,8;644,2;0,5;0;4;6,02;226,1;43,1;282,3;14,0;71,4;449,5;0;Ideal
2025-02-17;18,4;24,0;12,6;76,4;682,2;0,9;0;2;5,9;138,5;47,3;273,2;15,8;82,4;467,4;2;Irrigar
2025-02-18;18,6;25,0;12,6;80,8;599,9;0,0;0;3;5,86;222,4;41,7;256,2;16,0;74,7;423,0;0;Ideal
2025-02-19;19,2;25,4;13,4;88,4;478,7;2,5;0;8;5,85;180,6;41,3;268,1;16,9;76,3;308,5;0;Ideal
2025-02-20;16,9;22,4;12,2;85,7;611,5;14,4;0;7;6,02;190,7;45,5;281,1;14,9;90,5;448,2;1;Travar Irrigação
2025-02-21;16,8;24,3;11,1;80,8;524,4;0,1;0;4;5,94;187,0;54,0;292,2;14,6;62,1;347,8;0;Ideal
2025-02-22;19,1;25,4;13,4;80,7;531,2;3,8;0;5;5,92;191,2;40,6;273,5;17,3;78,4;354,7;0;Ideal
2025-02-23;18,8;24,0;14,5;80,7;617,3;3,3;0;4;5,89;171,5;41,8;259,7;16,1;66,0;430,2;0;Ideal
2025-02-24;18,8;23,6;13,3;90,2;666,4;0,0;0;8;5,93;131,8;53,2;297,2;16,1;71,1;448,9;2;Irrigar
2025-02-25;19,0;23,9;15,4;83,3;565,9;1,1;0;6;6,05;221,7;45,1;295,6;16,6;63,2;390,0;0;Ideal
2025-02-26;17,8;23,0;12,8;83,4;585,8;4,3;0;5;5,93;178,7;42,0;267,7;15,3;75,4;394,1;0;Ideal
2025-02-27;19,0;23,9;14,9;85,6;694,1;5,4;0;7;5,88;160,6;46,2;217,4;17,0;85,2;481,3;1;Travar Irrigação
2025-02-28;19,1;24,1;15,3;82,4;574,0;4,1;0;4;5,7;180,8;42,7;244,7;16,3;84,0;411,8;0;Ideal
2025-03-01;17,9;23,3;14,2;80,2;759,7;0,0;0;4;5,82;153,0;43,7;264,7;15,7;66,3;539,4;2;Irrigar
2025-03-02;21,1;26,1;15,8;80,3;593,6;0,0;0;4;6,05;198,7;44,8;261,1;18,4;74,5;406,1;0;Ideal
2025-03-03;19,5;26,7;15,1;80,7;404,2;0,1;0;4;5,9;193,3;43,0;235,7;17,1;69,3;290,4;0;Ideal
2025-03-04;17,5;22,3;12,2;80,7;602,1;5,0;0;4;5,85;208,4;39,0;312,8;14,1;78,2;428,6;0;Ideal
2025-03-05;19,8;25,9;16,1;83,6;569,0;26,5;0;4;5,86;195,1;45,1;214,6;17,5;73,1;383,8;2;Irrigar
2025-03-06;17,9;23,6;13,6;80,8;638,4;5,9;0;4;6,03;174,9;37,4;265,1;16,4;65,7;431,1;0;Ideal
2025-03-07;20,1;27,5;15,2;83,4;585,8;9,1;0;5;6,04;220,2;40,1;238,7;18,6;90,3;420,2;1;Travar Irrigação
2025-03-08;20,6;25,4;15,1;80,0;517,5;3,0;0;4;5,82;186,7;42,9;276,0;18,8;77,2;346,1;0;Ideal
2025-03-09;18,3;24,0;14,0;80,4;427,3;11,9;0;4;6,0;197,3;42,7;306,7;15,2;83,6;291,1;0;Ideal
2025-03-10;20,5;27,9;15,4;72,0;505,1;11,9;0;1;5,72;194,4;50,0;222,1;17,9;85,4;355,4;1;Travar Irrigação
2025-03-11;19,9;27,0;14,2;83,5;450,4;5,9;0;6;5,91;167,6;43,0;251,1;16,3;84,3;329,7;0;Ideal
2025-03-12;20,4;27,4;15,4;81,1;468,7;29,8;0;5;5,9;193,5;44,3;273,9;18,4;85,0;347,7;0;Ideal
2025-03-13;21,8;27,0;17,7;83,5;558,8;1,1;0;5;5,94;186,8;39,4;270,1;18,9;63,9;378,9;0;Ideal
2025-03-14;19,3;24,3;15,7;67,8;641,9;0,1;0;0;5,76;223,5;50,3;318,0;16,2;68,6;429,9;0;Ideal
2025-03-15;18,7;25,2;13,0;87,5;536,5;11,8;0;6;5,89;171,9;45,0;260,1;16,8;88,4;410,1;1;Travar Irrigação
2025-03-16;18,6;25,9;15,1;78,5;405,8;13,2;0;3;5,76;215,0;44,6;245,7;16,6;87,1;280,7;1;Travar Irrigação
2025-03-17;18,8;25,0;13,1;83,3;533,6;1,0;0;5;5,85;175,5;52,7;270,0;16,7;66,5;361,8;0;Ideal
2025-03-18;19,7;26,0;14,9;74,5;590,3;2,5;0;1;5,94;162,5;42,1;270,9;17,3;70,6;419,2;0;Ideal
2025-03-19;20,3;25,6;14,5;81,0;442,4;0,1;0;3;5,95;203,7;41,0;261,7;18,4;74,6;289,1;0;Ideal
2025-03-20;20,3;27,1;14,8;74,1;477,0;0,0;0;1;5,88;153,8;45,2;316,3;17,3;63,0;345,4;2;Irrigar
2025-03-21;21,0;26,1;15,0;75,7;485,5;11,9;0;2;5,73;176,0;42,4;250,0;18,4;85,5;346,2;1;Travar Irrigação
2025-03-22;20,1;25,6;15,7;85,6;418,1;5,8;0;7;5,96;185,6;43,6;266,4;17,8;74,1;289,9;0;Ideal
2025-03-23;21,9;27,7;16,5;77,0;529,3;3,4;0;2;5,79;183,2;40,0;234,5;19,5;70,6;382,2;0;Ideal
2025-03-24;19,9;26,0;15,4;78,5;464,3;3,7;0;3;5,84;197,9;45,3;281,1;17,0;74,6;330,5;0;Ideal
2025-03-25;23,6;28,8;18,9;80,9;504,1;0,0;0;3;5,9;142,9;45,6;311,0;20,9;58,1;358,5;2;Irrigar
2025-03-26;21,1;26,0;16,1;79,2;396,1;2,9;0;4;5,91;211,2;38,5;283,7;18,9;69,7;282,3;0;Ideal
2025-03-27;19,4;25,8;13,8;77,7;428,7;0,0;0;2;5,95;207,3;40,4;290,5;16,9;69,6;301,2;0;Ideal
2025-03-28;19,3;24,6;13,3;78,3;518,0;29,3;0;4;5,86;210,4;39,7;242,0;16,6;88,3;381,1;1;Travar Irrigação
2025-03-29;21,2;27,4;15,8;86,3;427,0;0,0;0;5;5,99;173,4;54,9;271,9;19,3;67,2;306,9;0;Ideal
2025-03-30;20,4;25,4;15,9;76,3;591,6;0,0;0;2;5,93;207,6;49,2;290,1;17,8;64,7;419,1;0;Ideal
2025-03-31;21,6;27,6;17,1;77,1;418,0;18,3;0;3;5,94;183,9;44,3;299,9;18,7;78,8;290,5;0;Ideal
2025-04-01;21,4;27,5;16,1;80,3;464,6;0,0;0;4;5,92;177,6;50,4;275,0;18,9;58,1;305,5;2;Irrigar
2025-04-02;20,8;25,5;16,7;80,3;517,8;12,1;0;7;5,92;148,5;44,1;262,8;19,9;95,0;359,7;1;Travar Irrigação
2025-04-03;20,0;25,5;16,2;80,5;326,4;4,9;0;5;5,89;212,6;49,4;229,0;16,6;71,7;237,2;0;Ideal
2025-04-04;19,2;24,1;14,9;78,1;295,6;4,1;0;2;5,91;214,9;38,2;212,1;17,2;69,1;176,6;2;Irrigar
2025-04-05;20,6;25,3;16,4;70,7;311,0;2,9;0;0;5,86;208,0;43,1;256,2;18,0;68,2;197,5;0;Ideal
2025-04-06;22,2;29,7;18,0;81,6;530,8;0,5;0;3;5,85;192,4;46,0;265,3;19,2;64,8;338,9;0;Ideal
2025-04-07;21,5;27,0;17,5;70,3;382,3;2,1;0;0;5,86;214,9;38,1;249,2;19,2;75,0;260,9;0;Ideal
2025-04-08;19,9;26,8;16,3;75,9;627,8;2,3;0;2;5,8;150,2;44,3;321,1;17,5;71,5;444,3;2;Irrigar
2025-04-09;21,6;26,9;18,1;71,5;374,7;5,3;0;2;5,85;174,5;45,6;269,1;19,2;65,4;281,8;0;Ideal
2025-04-10;22,0;28,5;16,0;74,1;431,3;11,0;0;1;5,9;176,7;44,0;249,6;19,1;73,3;275,4;0;Ideal
2025-04-11;20,5;27,3;16,0;75,4;536,7;5,1;0;2;5,89;154,1;37,5;216,0;18,0;73,0;370,8;2;Irrigar
2025-04-12;21,9;28,1;17,4;75,2;570,6;0,5;0;1;5,77;161,6;46,6;248,8;19,5;60,3;402,1;0;Ideal
2025-04-13;21,8;27,7;16,6;75,4;571,8;25,3;0;4;5,96;193,4;38,4;269,2;19,2;83,2;395,4;0;Ideal
2025-04-14;20,5;26,2;16,4;79,9;500,3;0,0;0;4;5,88;192,2;41,0;242,8;17,3;59,0;332,0;2;Irrigar
2025-04-15;22,3;27,9;16,5;75,1;482,4;0,0;0;4;5,86;168,1;47,1;261,5;18,8;68,0;349,9;0;Ideal
2025-04-16;22,7;29,9;17,2;72,1;444,7;0,0;0;2;5,77;192,1;41,6;261,8;19,5;52,3;305,6;2;Irrigar
2025-04-17;23,4;30,3;19,6;76,7;456,5;0,0;0;3;5,85;175,3;40,3;246,6;21,0;62,0;322,3;3;Proteger
2025-04-18;23,4;30,8;18,9;77,4;347,0;26,3;1;3;5,82;206,7;35,3;268,6;21,5;83,2;239,9;3;Proteger
2025-04-19;20,6;25,4;14,9;67,6;322,6;0,0;0;0;5,81;212,1;39,3;243,5;17,9;74,3;231,5;0;Ideal
2025-04-20;21,2;27,9;15,3;74,6;384,7;3,6;0;0;5,77;184,5;40,7;247,6;19,2;62,5;293,4;0;Ideal
2025-04-21;23,0;30,3;18,3;74,9;368,4;2,0;1;2;5,92;205,6;42,1;254,3;19,8;62,1;265,3;3;Proteger
2025-04-22;23,1;28,1;18,0;70,7;342,7;0,0;0;1;5,95;166,6;43,5;254,0;19,9;65,5;229,1;0;Ideal
2025-04-23;23,1;27,8;19,2;77,1;431,8;1,2;0;3;5,85;175,6;41,2;257,3;20,5;62,0;291,3;0;Ideal
2025-04-24;27,2;33,9;21,2;70,8;449,5;0,0;6;0;5,71;202,7;45,6;266,0;24,0;54,6;298,2;3;Proteger
2025-04-25;23,4;29,6;19,3;71,7;377,3;0,0;0;1;5,73;171,5;49,8;280,3;21,0;52,3;261,2;2;Irrigar
2025-04-26;24,1;31,1;18,3;70,3;485,6;0,0;2;2;5,87;182,8;37,6;231,3;21,6;63,0;307,0;3;Proteger
2025-04-27;24,0;28,9;18,8;70,9;273,2;0,0;0;2;5,84;188,9;48,4;271,4;21,8;55,4;162,6;2;Irrigar
2025-04-28;23,7;30,6;18,7;66,2;346,3;13,3;1;0;5,82;202,9;45,6;273,0;21,4;78,9;234,0;3;Proteger
2025-04-29;22,6;27,7;17,8;64,6;301,6;8,1;0;0;5,84;219,0;37,2;300,7;19,9;80,5;190,0;0;Ideal
2025-04-30;24,0;29,0;19,9;76,6;206,9;0,0;0;2;5,91;175,1;39,3;259,6;22,0;56,0;122,4;2;Irrigar
2025-05-01;22,2;27,2;18,3;66,6;347,0;9,0;0;0;5,84;187,0;42,7;284,9;19,7;85,5;246,2;1;Travar Irrigação
2025-05-02;22,9;29,9;18,9;65,8;341,2;0,0;0;0;5,82;158,0;43,9;249,9;20,9;64,9;221,1;2;Irrigar
2025-05-03;22,7;29,2;18,7;61,0;469,4;0,0;0;0;5,86;195,8;51,1;289,4;20,6;63,0;334,4;0;Ideal
2025-05-04;23,5;29,5;18,0;66,8;396,2;0,0;0;0;5,95;160,0;43,6;236,9;21,1;68,5;268,4;0;Ideal
2025-05-05;26,2;31,8;21,8;63,9;261,3;2,7;3;0;5,55;173,7;47,3;260,8;23,9;57,2;163,7;3;Proteger
2025-05-06;21,3;28,4;17,6;75,6;489,1;5,1;0;2;5,9;171,7;51,2;279,2;18,5;68,7;340,9;0;Ideal
2025-05-07;24,4;30,1;18,5;72,8;436,0;17,7;1;3;5,81;200,5;40,7;234,1;22,8;77,9;316,7;3;Proteger
2025-05-08;21,7;28,7;16,0;65,8;382,4;9,8;0;0;5,8;195,3;41,3;215,9;20,2;84,1;261,7;2;Irrigar
2025-05-09;23,2;29,0;17,3;77,4;315,4;0,0;0;5;5,78;193,4;45,3;266,3;20,7;65,8;242,5;0;Ideal
2025-05-10;25,1;30,7;19,1;72,1;254,4;1,3;1;1;5,84;165,2;49,8;290,6;24,2;52,9;181,7;3;Proteger
2025-05-11;23,9;29,8;20,0;66,7;299,1;0,1;0;0;5,68;195,6;42,8;302,3;21,0;50,1;202,3;2;Irrigar
2025-05-12;22,6;28,0;18,1;57,8;413,8;8,0;0;0;5,69;199,0;32,8;274,6;19,1;70,4;314,3;0;Ideal
2025-05-13;23,1;29,9;17,7;76,8;475,2;0,0;1;4;5,89;166,8;44,9;257,9;20,9;54,5;341,6;2;Irrigar
2025-05-14;24,9;30,9;19,6;61,9;445,8;0,0;1;0;5,59;167,6;43,0;272,6;22,4;49,8;297,3;3;Proteger
2025-05-15;23,3;28,5;19,4;60,6;281,1;25,3;0;0;5,87;186,5;37,7;253,6;21,1;76,4;195,5;0;Ideal
2025-05-16;24,5;31,7;18,9;71,1;228,6;6,0;2;0;6,0;160,9;34,6;271,7;21,6;64,6;148,3;3;Proteger
2025-05-17;24,3;30,0;20,3;76,6;327,5;0,0;1;2;5,83;212,6;48,2;274,2;21,1;53,4;186,6;2;Irrigar
2025-05-18;23,6;29,7;19,5;72,2;172,8;5,6;1;0;5,79;207,6;44,3;250,2;21,0;63,7;124,0;0;Ideal
2025-05-19;27,0;34,2;22,1;68,7;338,2;0,0;6;0;5,76;147,8;46,2;265,4;24,3;58,2;279,0;3;Proteger
2025-05-20;25,2;31,6;20,2;68,7;298,7;0,0;2;0;5,78;189,5;42,0;253,6;23,0;58,7;193,8;3;Proteger
2025-05-21;22,1;27,0;17,2;69,5;271,4;2,6;0;0;5,87;217,4;45,5;285,6;19,5;71,4;194,2;0;Ideal
2025-05-22;24,8;32,1;21,1;69,0;179,4;13,2;3;0;5,73;192,8;36,0;234,9;22,4;75,9;107,7;3;Proteger
2025-05-23;23,9;30,2;18,2;66,9;346,3;0,0;0;0;5,93;194,7;42,2;216,1;21,3;57,6;244,1;3;Proteger
2025-05-24;25,7;31,3;21,6;66,0;261,0;0,0;2;0;5,73;146,2;43,4;239,4;23,6;52,3;207,9;3;Proteger
2025-05-25;23,8;28,8;20,0;65,2;208,4;0,0;0;0;5,7;212,3;44,1;276,2;21,4;67,2;140,1;0;Ideal
2025-05-26;24,7;31,6;19,0;62,2;80,0;0,4;2;0;5,73;213,8;44,4;262,3;22,8;52,8;64,9;3;Proteger
2025-05-27;25,5;31,9;19,6;63,9;296,8;0,0;2;0;5,73;179,4;45,3;212,6;22,6;65,1;221,0;3;Proteger
2025-05-28;26,0;32,1;20,3;58,1;439,3;4,7;3;0;5,74;180,7;41,5;293,6;23,4;63,0;324,7;3;Proteger
2025-05-29;23,6;30,8;18,1;64,3;429,0;0,0;2;0;5,79;210,7;38,9;297,7;20,9;59,4;272,0;3;Proteger
2025-05-30;24,7;31,5;19,5;60,6;258,2;0,0;2;0;5,78;166,3;42,6;256,6;22,7;59,9;185,4;3;Proteger
2025-05-31;24,6;29,5;19,7;60,0;245,4;0,0;0;0;5,73;169,9;52,2;243,4;22,9;57,4;171,8;2;Irrigar
2025-06-01;24,4;29,8;20,7;65,0;329,8;31,8;0;0;5,92;206,5;39,6;242,7;21,9;79,2;244,2;0;Ideal
2025-06-02;27,4;32,6;22,8;69,7;211,3;12,6;4;0;5,68;190,9;46,6;250,1;25,0;59,3;108,4;3;Proteger
2025-06-03;25,8;32,5;21,4;67,6;314,2;0,0;4;0;5,79;178,9;42,9;253,0;23,3;63,2;221,2;3;Proteger
2025-06-04;23,8;28,4;19,7;57,5;350,3;2,2;0;0;5,79;202,2;43,0;282,8;21,1;59,1;246,5;2;Irrigar
2025-06-05;26,5;32,7;21,2;59,7;386,2;25,9;4;0;5,73;185,3;38,9;208,7;23,8;77,8;265,9;3;Proteger
2025-06-06;28,0;34,8;23,3;67,3;279,1;0,0;8;0;5,63;193,9;42,2;199,4;25,4;49,1;180,9;3;Proteger
2025-06-07;26,7;33,9;23,0;59,4;269,9;0,0;6;0;5,7;188,4;45,0;261,9;25,1;52,5;193,1;3;Proteger
2025-06-08;23,7;29,3;19,7;62,3;215,1;42,1;0;0;5,81;173,5;37,7;248,5;21,4;92,6;139,9;1;Travar Irrigação
2025-06-09;25,0;32,0;19,8;65,3;218,5;0,0;2;0;5,77;184,3;46,6;256,5;23,2;43,4;117,1;3;Proteger
2025-06-10;27,2;32,0;23,5;59,1;265,8;31,8;3;0;5,65;198,4;33,7;178,0;24,9;73,1;169,7;3;Proteger
2025-06-11;24,8;31,9;19,2;63,2;312,6;0,0;4;0;5,73;165,6;45,4;238,6;22,6;41,2;206,0;3;Proteger
2025-06-12;26,3;31,1;21,5;57,3;355,8;0,0;2;0;5,65;173,6;42,8;280,2;22,8;55,7;257,4;3;Proteger
2025-06-13;26,7;32,4;22,0;60,1;217,9;0,0;3;0;5,86;172,5;46,3;207,8;23,0;59,7;152,4;3;Proteger
2025-06-14;24,7;31,6;19,7;63,7;401,1;0,0;2;0;5,91;156,0;47,1;300,5;22,4;60,3;280,9;3;Proteger
2025-06-15;25,8;30,7;20,2;55,9;259,6;0,0;1;0;5,64;206,7;42,6;277,6;22,5;49,4;203,2;3;Proteger
2025-06-16;22,0;27,2;17,6;63,9;279,2;0,0;0;0;5,82;217,3;44,7;218,1;20,0;60,5;205,9;2;Irrigar
2025-06-17;24,7;31,4;19,5;62,0;220,8;0,0;2;0;5,82;158,3;45,7;312,1;22,4;58,2;170,7;3;Proteger
2025-06-18;25,7;32,3;20,8;64,2;86,4;0,0;3;0;5,78;189,6;40,6;254,9;23,7;51,7;81,9;3;Proteger
2025-06-19;24,5;30,9;20,3;62,7;350,9;0,0;1;0;5,82;166,7;49,0;249,3;22,4;57,2;244,7;3;Proteger
2025-06-20;28,0;34,6;22,3;67,2;339,0;0,0;7;0;5,69;179,6;37,0;210,0;26,0;51,2;229,5;3;Proteger
2025-06-21;24,4;30,5;18,9;62,1;257,5;0,0;1;0;5,72;166,4;36,9;255,8;21,6;53,5;179,2;3;Proteger
2025-06-22;25,6;30,8;20,4;59,8;285,4;0,0;0;0;5,8;219,7;39,0;287,1;23,6;52,2;202,8;3;Proteger
2025-06-23;26,3;31,8;20,7;61,9;321,3;5,9;3;0;5,7;182,5;48,1;266,2;24,0;59,9;202,7;3;Proteger
2025-06-24;27,9;32,9;22,2;63,5;155,2;0,0;4;0;5,64;201,8;38,9;215,1;25,5;46,3;96,7;3;Proteger
2025-06-25;24,5;31,7;19,2;61,4;238,0;0,0;3;0;5,79;161,6;41,1;276,9;21,3;49,5;157,2;3;Proteger
2025-06-26;27,6;33,9;22,0;61,3;344,1;0,0;7;0;5,73;171,6;43,1;248,0;24,2;55,7;246,7;3;Proteger
2025-06-27;26,3;32,0;21,0;58,2;180,6;0,0;3;0;5,7;201,5;40,5;286,7;23,8;53,5;126,1;3;Proteger
2025-06-28;25,1;31,0;19,9;58,3;304,7;0,0;1;0;5,79;204,6;40,7;243,9;23,1;54,2;226,8;3;Proteger
2025-06-29;26,9;34,2;21,8;55,3;173,1;0,0;7;0;5,84;174,9;47,7;233,2;24,7;55,5;128,3;3;Proteger
2025-06-30;26,6;31,5;21,2;67,8;319,5;0,0;3;0;5,67;148,6;47,0;192,2;23,9;60,5;226,5;3;Proteger
2025-07-01;25,6;31,9;21,7;55,8;279,8;8,8;3;0;5,92;200,5;38,0;266,7;23,1;57,8;181,8;3;Proteger
2025-07-02;26,4;32,5;20,7;57,9;154,0;1,4;4;0;5,68;147,1;44,5;252,2;23,1;59,2;118,6;3;Proteger
2025-07-03;25,9;32,3;20,2;57,7;377,1;0,0;4;0;5,77;172,6;47,4;277,9;23,6;51,2;268,1;3;Proteger
2025-07-04;26,5;31,1;23,0;64,1;225,8;0,0;1;0;5,82;170,7;53,4;232,5;24,0;50,9;161,4;3;Proteger
2025-07-05;27,2;34,3;21,6;59,3;220,6;0,0;7;0;5,55;170,0;40,6;256,0;25,2;57,5;118,8;3;Proteger
2025-07-06;28,3;35,6;24,5;65,4;302,2;0,0;8;0;5,8;179,9;41,9;240,6;25,9;47,3;214,5;3;Proteger
2025-07-07;25,0;31,1;20,6;57,7;379,0;0,0;2;0;5,75;173,5;42,3;229,0;22,5;61,6;273,0;3;Proteger
2025-07-08;29,0;35,6;23,7;61,4;206,7;0,0;8;0;5,67;181,6;42,9;262,1;25,8;44,6;130,3;3;Proteger
2025-07-09;24,1;31,4;20,2;56,9;293,9;20,9;2;0;5,93;202,4;41,9;296,4;21,2;79,9;203,9;3;Proteger
2025-07-10;26,3;32,9;20,7;68,8;324,4;0,0;4;0;5,8;177,0;43,5;258,4;24,2;51,4;226,1;3;Proteger
2025-07-11;27,2;32,1;21,6;55,4;346,6;0,0;4;0;5,61;131,2;45,8;275,6;24,8;41,9;237,4;3;Proteger
2025-07-12;26,8;33,1;22,1;61,4;306,4;0,0;5;0;5,53;202,9;40,7;281,3;24,8;48,9;197,5;3;Proteger
2025-07-13;25,7;32,1;22,2;62,7;264,2;0,0;2;0;5,79;167,0;45,4;239,6;22,4;43,1;188,3;3;Proteger
2025-07-14;26,2;32,0;22,0;61,8;228,6;0,0;3;0;5,69;172,1;47,8;280,8;23,6;53,5;167,5;3;Proteger
2025-07-15;25,9;32,6;20,9;59,3;303,0;0,0;4;0;5,65;184,7;47,2;274,7;22,4;51,6;199,0;3;Proteger
2025-07-16;25,8;33,1;19,8;59,5;211,8;0,0;4;0;5,77;192,3;51,0;245,4;23,0;63,3;152,7;3;Proteger
2025-07-17;27,5;34,8;22,4;60,2;80,0;0,0;7;0;5,78;186,4;40,4;216,2;24,2;56,9;73,8;3;Proteger
2025-07-18;26,9;32,8;22,8;59,4;335,4;0,0;4;0;5,85;192,3;49,7;238,9;23,8;59,2;241,0;3;Proteger
2025-07-19;25,7;30,5;20,6;63,9;374,3;0,0;2;0;5,78;186,1;46,3;281,7;23,8;59,9;274,7;3;Proteger
2025-07-20;27,6;35,0;22,7;68,8;114,6;0,0;8;0;5,71;172,8;48,0;204,9;25,6;45,7;84,5;3;Proteger
2025-07-21;26,9;33,9;21,4;57,8;224,5;1,0;5;0;5,64;190,6;44,4;217,2;24,6;52,0;170,3;3;Proteger
2025-07-22;27,5;32,3;23,7;54,5;356,5;0,0;3;0;5,68;182,3;41,2;246,4;24,7;58,2;274,7;3;Proteger
2025-07-23;27,2;34,5;21,8;59,7;473,3;0,0;7;0;5,62;191,6;36,3;221,9;24,2;45,4;307,5;3;Proteger
2025-07-24;25,5;32,6;20,6;70,3;312,2;0,0;5;1;5,81;177,6;46,5;265,4;23,1;61,1;217,5;3;Proteger
2025-07-25;25,8;31,8;19,9;56,8;254,1;0,0;2;0;5,67;201,5;42,6;239,9;23,2;51,0;171,6;3;Proteger
2025-07-26;27,3;33,6;23,0;66,6;299,6;0,0;4;0;5,71;183,4;41,4;228,5;25,4;56,3;240,9;3;Proteger
2025-07-27;27,2;32,9;22,1;66,8;426,2;0,0;5;0;5,79;194,4;39,4;260,5;24,6;50,4;300,9;3;Proteger
2025-07-28;26,4;31,1;20,6;57,9;266,5;0,0;2;0;5,81;189,6;41,5;277,3;23,6;56,5;182,0;3;Proteger
2025-07-29;26,5;32,0;22,8;62,4;256,3;0,0;3;0;5,71;194,3;40,8;297,7;23,1;51,3;185,0;3;Proteger
2025-07-30;27,9;34,8;22,1;66,6;283,7;11,2;7;0;5,7;174,4;39,8;248,6;25,3;74,0;211,2;3;Proteger
2025-07-31;25,7;30,2;20,4;58,6;248,2;0,0;0;0;5,84;165,5;44,7;252,6;22,6;58,9;165,7;3;Proteger
2025-08-01;27,0;32,5;23,3;59,4;336,5;24,1;4;0;5,75;157,6;46,9;230,8;24,6;76,8;227,0;3;Proteger
2025-08-02;26,1;31,8;21,8;57,9;458,9;0,0;3;0;5,81;153,4;50,8;260,2;23,3;54,1;333,3;3;Proteger
2025-08-03;26,0;32,1;20,8;56,2;357,0;0,0;4;0;5,7;165,2;44,1;234,0;24,4;52,5;262,4;3;Proteger
2025-08-04;27,6;34,9;23,9;57,7;313,3;0,0;7;0;5,69;158,4;45,0;273,8;25,0;60,0;234,6;3;Proteger
2025-08-05;27,2;32,8;22,3;55,5;312,5;0,0;4;0;5,76;168,8;40,7;244,8;24,8;56,8;186,2;3;Proteger
2025-08-06;27,2;32,7;22,8;60,6;213,2;6,6;4;0;5,69;183,0;40,6;282,4;24,9;69,4;146,0;3;Proteger
2025-08-07;27,8;34,5;22,7;57,4;411,4;0,0;7;0;5,74;202,2;50,2;226,8;25,1;50,4;295,3;3;Proteger
2025-08-08;26,2;32,0;22,6;61,5;337,0;0,0;3;0;5,8;163,8;45,3;201,8;24,4;52,5;236,7;3;Proteger
2025-08-09;27,0;32,1;21,3;54,4;331,3;0,0;3;0;5,68;197,8;33,6;263,0;24,4;51,4;257,8;3;Proteger
2025-08-10;25,7;31,6;19,8;62,0;603,8;0,0;2;0;5,69;185,9;46,4;284,6;22,9;52,1;439,1;3;Proteger
2025-08-11;26,5;31,4;20,5;64,1;374,8;0,0;2;0;5,76;149,3;42,8;255,7;24,4;51,0;218,7;3;Proteger
2025-08-12;25,9;30,9;20,5;52,8;293,4;0,0;2;0;5,8;159,0;36,9;200,0;23,8;57,0;202,0;3;Proteger
2025-08-13;26,1;32,1;22,3;62,4;322,2;0,0;3;0;5,86;191,0;51,5;215,9;23,6;46,1;222,1;3;Proteger
2025-08-14;26,7;32,4;21,3;65,9;450,9;2,0;4;0;5,7;185,5;44,2;258,9;24,5;70,0;310,9;3;Proteger
2025-08-15;25,0;32,2;21,4;56,2;370,8;0,0;3;0;5,73;185,4;41,8;304,8;22,3;54,7;252,5;3;Proteger
2025-08-16;28,4;34,0;24,8;67,8;249,5;0,0;6;0;5,69;173,2;42,4;278,0;25,5;51,4;184,4;3;Proteger
2025-08-17;24,6;30,9;20,3;62,9;440,9;0,0;1;0;5,69;188,3;40,8;276,2;21,7;62,9;325,2;3;Proteger
2025-08-18;24,4;30,8;19,6;58,5;316,8;0,0;2;0;5,9;188,6;44,1;251,2;22,6;55,1;206,2;3;Proteger
2025-08-19;27,2;31,7;21,7;61,2;523,0;0,0;2;0;5,75;156,6;41,2;212,9;24,4;53,2;369,7;3;Proteger
2025-08-20;26,7;33,2;21,5;63,7;462,5;0,0;5;0;5,79;183,4;44,2;240,8;24,4;62,3;325,6;3;Proteger
2025-08-21;26,4;31,5;21,8;61,9;343,2;0,0;3;0;5,69;160,2;39,2;267,1;24,2;58,6;238,3;3;Proteger
2025-08-22;26,4;33,8;22,2;63,9;484,5;0,0;6;0;5,84;165,3;48,8;245,7;23,6;58,8;345,3;3;Proteger
2025-08-23;25,6;30,5;19,6;58,1;390,4;0,0;2;0;5,8;180,3;44,8;321,1;23,7;61,2;275,0;3;Proteger
2025-08-24;24,5;30,2;19,9;62,6;456,3;0,0;1;0;5,91;189,0;45,1;249,3;21,9;40,0;322,6;3;Proteger
2025-08-25;25,6;30,3;21,0;56,4;429,9;0,0;1;0;5,73;206,3;45,1;235,1;23,1;50,5;308,0;3;Proteger
2025-08-26;24,6;32,1;20,7;61,7;326,5;0,0;3;0;5,84;200,4;41,8;258,8;21,5;62,9;236,3;3;Proteger
2025-08-27;26,6;32,6;21,1;58,7;345,9;3,5;4;0;5,76;177,7;44,9;296,5;23,9;59,9;225,8;3;Proteger
2025-08-28;25,2;31,5;19,9;59,5;482,9;18,0;3;0;5,72;178,8;44,4;254,0;22,6;73,2;330,0;3;Proteger
2025-08-29;24,3;29,0;20,3;67,5;376,9;0,0;0;0;5,86;155,5;50,1;236,1;22,2;51,8;273,8;2;Irrigar
2025-08-30;24,9;31,6;21,2;67,0;374,6;0,0;2;0;5,86;188,0;41,0;256,8;21,8;56,8;277,6;3;Proteger
2025-08-31;25,7;30,8;20,5;65,2;333,7;0,0;1;0;5,83;180,6;41,1;263,4;23,2;42,7;245,3;3;Proteger
2025-09-01;24,5;31,7;19,3;58,6;447,2;0,0;2;0;5,83;201,6;40,6;185,6;22,1;60,8;287,7;3;Proteger
2025-09-02;24,1;29,2;19,9;61,8;581,6;5,2;0;0;5,77;226,4;41,2;278,3;21,3;53,5;404,5;2;Irrigar
2025-09-03;25,3;30,4;19,4;68,1;334,4;0,0;1;1;5,76;174,0;44,5;255,4;22,7;49,8;241,4;3;Proteger
2025-09-04;25,3;29,9;21,4;63,9;425,1;0,0;0;0;5,63;141,7;48,0;263,8;22,7;49,1;286,9;2;Irrigar
2025-09-05;24,3;30,2;19,7;72,8;539,4;0,0;0;1;5,81;148,9;42,0;269,1;22,5;57,3;388,9;3;Proteger
2025-09-06;24,3;30,5;18,4;65,2;423,4;0,0;1;0;5,68;193,0;41,8;260,6;21,7;67,4;283,3;3;Proteger
2025-09-07;25,1;29,8;20,5;64,6;469,3;0,0;0;0;5,85;172,7;44,4;246,0;22,1;57,8;327,6;2;Irrigar
2025-09-08;23,0;29,8;17,9;62,7;351,5;15,4;0;0;5,87;188,0;43,2;285,7;20,0;85,2;228,2;1;Travar Irrigação
2025-09-09;23,0;28,8;18,5;64,6;474,1;0,0;0;0;5,9;194,0;37,4;261,2;20,2;57,5;352,1;2;Irrigar
2025-09-10;23,7;29,8;19,6;63,6;428,2;0,0;0;0;5,8;167,8;45,3;274,9;21,2;67,5;307,7;0;Ideal
2025-09-11;24,3;30,1;18,3;67,2;525,4;0,0;1;0;5,66;168,5;42,8;264,9;20,5;74,7;375,8;3;Proteger
2025-09-12;24,8;30,5;20,3;68,4;545,0;0,0;1;1;5,82;197,3;54,4;272,4;22,8;59,1;379,4;3;Proteger
2025-09-13;26,2;32,4;20,4;61,6;660,6;5,7;3;0;5,7;154,4;39,4;218,3;23,6;52,3;465,3;3;Proteger
2025-09-14;25,4;30,3;21,3;59,6;503,2;4,2;1;0;5,78;178,6;40,8;336,3;23,5;54,9;355,7;3;Proteger
2025-09-15;24,1;29,1;20,0;57,7;486,3;0,0;0;0;5,8;161,4;39,6;279,0;21,2;65,6;355,3;0;Ideal
2025-09-16;24,2;31,3;20,6;67,3;479,2;0,0;1;0;5,95;164,3;46,9;269,1;21,4;55,0;359,6;3;Proteger
2025-09-17;22,9;30,3;17,8;61,0;438,8;3,2;0;0;5,87;195,4;40,1;235,8;20,1;65,3;291,2;3;Proteger
2025-09-18;24,0;29,7;19,6;57,0;497,6;9,5;0;0;5,85;149,1;35,8;286,6;21,8;68,9;333,1;2;Irrigar
2025-09-19;23,7;29,0;18,0;67,3;450,3;0,0;0;0;5,77;175,1;47,6;278,6;20,9;53,8;319,3;2;Irrigar
2025-09-20;24,3;30,7;19,6;75,9;490,9;8,5;0;1;5,78;169,7;46,0;273,4;21,9;62,8;346,8;3;Proteger
2025-09-21;22,9;28,6;16,9;66,1;586,3;0,0;0;0;5,94;173,0;50,4;290,9;21,2;64,1;419,2;0;Ideal
2025-09-22;24,4;29,0;20,4;69,7;403,8;0,0;0;1;5,94;189,4;43,0;241,1;22,0;51,4;280,5;2;Irrigar
2025-09-23;25,6;30,5;19,9;66,8;578,9;0,0;1;0;5,86;133,8;51,1;275,8;22,8;60,1;405,3;3;Proteger
2025-09-24;23,5;30,2;18,1;66,3;596,6;2,7;0;0;5,95;195,5;38,1;270,6;20,9;64,7;406,7;3;Proteger
2025-09-25;24,1;30,5;18,6;70,5;485,2;4,4;1;0;5,99;198,5;39,8;220,4;21,4;67,9;343,2;3;Proteger
2025-09-26;24,3;28,9;18,7;65,9;328,3;0,0;0;0;5,93;198,0;48,9;260,9;21,1;58,2;245,7;2;Irrigar
2025-09-27;22,9;28,1;17,5;68,3;452,9;0,0;0;0;5,85;192,6;43,7;232,5;20,4;64,0;307,2;0;Ideal
2025-09-28;23,6;28,8;18,6;68,7;608,7;0,0;0;0;5,83;160,3;49,5;248,1;21,8;69,9;424,8;0;Ideal
2025-09-29;23,3;29,8;19,5;64,9;506,5;0,0;0;0;5,77;143,5;39,1;222,6;21,5;62,1;360,4;2;Irrigar
2025-09-30;23,3;27,9;19,7;71,8;431,8;0,0;0;1;5,67;161,7;48,5;263,9;20,7;65,0;326,8;0;Ideal
2025-10-01;22,2;27,0;16,4;67,3;474,7;0,0;0;0;5,83;186,0;45,8;321,0;18,7;67,7;330,6;0;Ideal
2025-10-02;23,1;30,0;18,0;65,2;585,7;0,0;1;0;5,9;167,4;44,8;275,4;22,1;66,7;397,3;0;Ideal
2025-10-03;23,6;28,6;18,1;70,5;565,6;0,0;0;0;5,82;170,4;37,8;247,4;21,4;53,3;411,6;2;Irrigar
2025-10-04;24,6;31,1;19,9;65,0;506,1;0,0;2;0;5,86;164,5;44,4;291,4;22,5;58,8;350,7;3;Proteger
2025-10-05;24,0;29,2;20,2;68,9;499,2;0,0;0;0;5,86;170,4;36,6;305,1;21,6;62,4;348,6;0;Ideal
2025-10-06;25,3;30,1;21,5;68,9;500,6;2,9;1;0;5,72;172,8;37,2;305,6;22,2;54,6;343,8;3;Proteger
2025-10-07;21,8;27,0;16,5;73,5;461,4;0,0;0;4;5,95;186,5;40,1;294,3;19,6;68,3;333,7;0;Ideal
2025-10-08;23,6;30,3;19,1;71,3;667,8;0,0;0;2;6,04;214,7;42,2;296,0;21,3;63,9;442,0;3;Proteger
2025-10-09;22,7;29,8;18,7;69,5;516,0;10,5;0;0;5,84;167,5;43,3;285,8;19,2;74,9;378,0;0;Ideal
2025-10-10;25,1;32,1;20,3;73,1;642,4;27,3;3;1;5,78;185,7;41,4;258,3;22,4;69,0;432,9;3;Proteger
2025-10-11;21,4;27,1;17,7;75,6;670,0;2,0;0;2;5,91;181,3;43,4;253,8;18,7;74,8;464,0;0;Ideal
2025-10-12;21,3;27,8;16,3;72,4;631,4;8,7;0;0;5,74;195,7;39,8;265,7;19,6;76,1;446,3;0;Ideal
2025-10-13;21,5;26,6;17,3;70,4;520,2;10,8;0;0;5,76;181,2;42,4;225,1;19,1;78,7;364,8;0;Ideal
2025-10-14;19,6;25,0;14,1;65,4;590,2;0,0;0;0;5,93;192,8;50,9;245,2;17,2;68,5;397,1;0;Ideal
2025-10-15;21,4;28,6;17,2;66,6;559,1;0,0;0;0;5,93;226,0;44,9;276,9;19,0;60,9;364,1;0;Ideal
2025-10-16;21,1;25,6;16,4;69,8;491,9;2,9;0;0;5,79;162,0;50,4;262,8;18,4;74,7;327,5;0;Ideal
2025-10-17;22,1;26,8;18,6;68,8;593,3;0,0;0;0;5,79;182,7;49,1;274,2;19,7;64,3;421,3;0;Ideal
2025-10-18;22,2;27,4;18,6;70,7;476,1;10,0;0;0;5,87;166,1;40,2;234,2;19,8;72,7;371,4;0;Ideal
2025-10-19;24,0;28,6;19,5;71,9;668,5;13,6;0;0;5,85;149,2;39,5;267,0;22,3;73,0;444,2;2;Irrigar
2025-10-20;22,8;27,9;18,1;74,0;539,3;1,6;0;1;5,92;156,4;42,5;252,3;20,3;69,0;367,3;2;Irrigar
2025-10-21;20,9;27,2;15,9;71,8;595,6;3,7;0;3;5,83;184,1;43,7;268,8;18,6;76,0;422,8;0;Ideal
2025-10-22;20,4;26,2;16,2;74,2;605,1;0,0;0;2;5,89;156,8;45,2;280,2;18,3;63,6;413,7;2;Irrigar
2025-10-23;22,0;29,2;16,8;72,7;564,7;0,0;0;0;5,8;192,1;49,1;251,7;20,0;65,1;393,4;0;Ideal
2025-10-24;19,8;26,7;14,1;64,8;635,3;33,5;0;0;5,83;198,9;41,3;327,4;16,9;89,1;436,7;1;Travar Irrigação
2025-10-25;23,5;29,0;18,0;69,1;553,2;11,2;0;0;5,78;179,0;40,5;329,0;20,9;67,7;391,3;0;Ideal
2025-10-26;22,6;27,9;19,0;72,5;663,8;4,0;0;2;5,68;176,4;43,1;279,4;20,6;64,9;462,4;0;Ideal
2025-10-27;20,6;26,2;15,9;68,4;489,2;7,1;0;0;5,79;168,1;42,7;235,9;17,9;69,5;350,7;0;Ideal
2025-10-28;19,0;25,3;15,2;75,9;609,7;8,7;0;2;6,0;162,8;33,3;266,9;16,5;80,6;420,1;0;Ideal
2025-10-29;22,6;27,9;18,5;79,8;757,5;0,7;0;5;5,87;181,9;48,8;210,7;19,9;66,3;516,5;2;Irrigar
2025-10-30;20,8;27,1;14,8;78,8;525,1;0,0;0;2;6,02;175,4;44,8;280,8;18,0;56,7;361,1;2;Irrigar
2025-10-31;22,3;28,0;18,5;73,3;553,5;0,0;0;0;5,93;176,0;41,6;283,9;19,7;60,8;389,7;0;Ideal
2025-11-01;18,8;25,0;14,1;80,3;651,5;1,5;0;4;5,95;227,8;47,6;299,0;16,1;65,1;457,0;0;Ideal
2025-11-02;20,0;25,8;14,9;75,1;627,3;0,0;0;3;5,86;166,3;44,3;280,0;17,6;71,8;443,5;0;Ideal
2025-11-03;20,6;26,0;15,4;73,4;643,6;7,0;0;0;5,81;174,4;36,7;312,2;18,1;74,3;436,6;0;Ideal
2025-11-04;20,6;27,9;15,7;72,5;657,2;24,3;0;0;6,08;164,0;38,3;278,0;18,4;90,9;487,1;1;Travar Irrigação
2025-11-05;19,9;26,7;16,4;73,9;671,3;0,3;0;1;5,89;165,4;43,8;277,7;18,5;60,6;487,9;0;Ideal
2025-11-06;21,1;26,1;16,8;73,8;711,7;2,5;0;2;5,86;195,4;43,4;244,4;19,0;73,2;512,8;0;Ideal
2025-11-07;19,0;26,1;14,2;76,2;658,1;0,0;0;4;5,86;174,0;38,8;290,5;16,7;63,1;452,6;0;Ideal
2025-11-08;20,1;26,0;16,4;76,4;608,4;2,8;0;2;5,82;159,4;40,3;241,4;17,4;67,7;401,5;2;Irrigar
2025-11-09;20,3;27,5;15,9;75,9;683,8;10,0;0;2;6,02;205,7;36,9;275,5;18,0;87,4;466,4;1;Travar Irrigação
2025-11-10;20,7;27,6;17,1;77,8;784,2;11,4;0;4;5,96;169,3;34,7;285,2;18,9;95,0;531,0;1;Travar Irrigação
2025-11-11;20,9;26,7;17,2;81,1;623,8;0,9;0;3;5,95;176,2;47,7;229,7;17,8;64,3;437,9;0;Ideal
2025-11-12;18,6;23,2;14,1;80,3;558,6;0,0;0;4;5,84;199,6;49,1;285,0;16,9;72,0;372,8;0;Ideal
2025-11-13;18,1;23,4;14,2;70,7;727,3;5,7;0;0;5,96;171,8;45,8;309,3;15,8;66,0;495,3;0;Ideal
2025-11-14;21,4;27,5;16,4;66,6;631,2;3,7;0;0;5,96;179,1;43,5;283,5;19,2;71,4;438,7;0;Ideal
2025-11-15;20,2;26,6;14,9;80,8;469,0;21,6;0;4;5,87;205,5;42,2;262,9;18,2;86,5;315,5;1;Travar Irrigação
2025-11-16;18,8;24,1;13,3;71,8;712,6;14,1;0;1;5,79;165,5;38,9;300,8;15,9;86,3;489,0;1;Travar Irrigação
2025-11-17;21,5;26,4;17,5;76,5;603,9;9,6;0;0;5,84;155,5;39,3;259,2;19,3;78,8;404,7;2;Irrigar
2025-11-18;19,7;26,7;15,8;72,9;641,3;10,0;0;1;5,94;189,0;40,8;269,8;16,9;81,8;456,1;0;Ideal
2025-11-19;20,9;28,4;17,2;70,6;677,0;5,0;0;1;5,71;172,2;41,5;272,8;19,0;67,6;466,4;0;Ideal
2025-11-20;19,5;25,6;14,4;80,1;667,4;20,3;0;3;5,85;170,0;38,6;289,3;16,5;90,1;441,7;1;Travar Irrigação
2025-11-21;21,8;26,9;16,6;81,2;710,7;0,0;0;5;5,85;172,6;51,7;255,8;18,2;54,0;498,0;2;Irrigar
2025-11-22;21,4;26,7;17,8;76,0;620,8;0,0;0;3;5,91;189,1;45,7;293,4;18,6;71,4;410,0;0;Ideal
2025-11-23;18,9;23,5;13,1;68,1;698,3;15,8;0;0;5,78;151,0;38,9;268,8;16,5;86,4;474,9;1;Travar Irrigação
2025-11-24;20,4;27,6;16,7;76,5;638,0;2,6;0;3;5,85;157,5;49,2;261,0;17,6;80,9;428,0;2;Irrigar
2025-11-25;19,9;24,8;15,0;80,4;719,4;13,2;0;3;5,8;163,2;39,7;280,8;17,8;95,0;469,8;1;Travar Irrigação
2025-11-26;20,7;26,9;15,4;73,1;711,0;0,0;0;1;5,9;171,4;42,7;251,7;17,8;77,2;510,3;0;Ideal
2025-11-27;17,9;23,2;12,2;79,9;588,3;3,4;0;5;5,89;211,2;37,3;236,7;14,3;69,4;414,3;0;Ideal
2025-11-28;19,8;25,9;14,5;79,3;751,4;3,3;0;4;5,89;184,6;37,7;290,1;17,4;77,7;497,6;0;Ideal
2025-11-29;20,2;26,6;14,7;81,8;623,0;30,7;0;4;5,93;164,0;38,4;282,7;17,7;82,3;436,2;0;Ideal
2025-11-30;16,7;23,7;12,4;80,1;731,7;15,5;0;4;5,77;203,3;39,2;298,0;14,0;84,4;500,7;0;Ideal
2025-12-01;17,4;22,5;11,8;75,9;697,6;9,7;0;3;5,93;170,8;42,7;260,4;13,9;77,1;470,7;0;Ideal
2025-12-02;16,3;20,8;12,6;84,8;816,5;10,4;0;4;5,93;158,6;43,7;267,7;13,7;86,6;586,0;1;Travar Irrigação
2025-12-03;18,4;23,3;12,6;79,5;652,6;6,6;0;5;5,88;171,0;34,6;252,8;15,5;78,0;451,6;0;Ideal
2025-12-04;19,5;26,7;14,6;80,2;643,6;23,5;0;4;5,95;174,2;39,8;299,6;17,2;87,2;441,5;1;Travar Irrigação
2025-12-05;20,4;27,5;14,8;76,7;670,9;5,5;0;3;5,81;168,1;40,1;287,4;17,8;66,7;496,2;0;Ideal
2025-12-06;18,6;24,9;14,0;78,8;649,1;3,8;0;5;5,91;159,7;41,3;272,8;17,0;67,3;469,0;2;Irrigar
2025-12-07;20,4;26,7;15,3;77,2;738,2;1,4;0;2;5,98;170,0;43,2;242,4;17,8;69,7;526,6;0;Ideal
2025-12-08;16,8;23,3;12,0;80,2;545,7;12,3;0;3;5,98;174,7;32,1;269,5;14,4;85,8;377,1;1;Travar Irrigação
2025-12-09;16,3;21,4;11,0;87,8;591,5;10,6;0;7;5,96;214,0;41,5;260,7;13,6;82,4;438,6;0;Ideal
2025-12-10;18,3;25,5;14,6;75,6;591,0;3,9;0;1;5,84;186,4;41,1;297,5;16,8;76,2;414,9;0;Ideal
2025-12-11;18,8;24,5;15,1;74,8;753,1;0,0;0;4;5,85;139,0;48,0;273,4;16,5;64,5;521,4;2;Irrigar
2025-12-12;18,2;23,9;14,1;87,3;814,5;14,6;0;6;5,92;198,5;38,5;322,1;15,9;80,5;568,2;0;Ideal
2025-12-13;15,7;21,8;11,8;80,7;669,8;0,1;0;4;5,84;144,9;51,4;287,6;13,5;70,7;448,1;2;Irrigar
2025-12-14;18,1;22,7;12,4;79,0;665,0;9,7;0;4;5,84;199,7;35,9;206,7;15,4;80,2;467,6;2;Irrigar
2025-12-15;16,6;21,6;12,5;85,9;684,5;28,1;0;5;6,0;195,4;41,0;299,9;13,3;91,4;488,6;1;Travar Irrigação
2025-12-16;18,9;25,6;13,0;79,5;772,2;4,6;0;3;5,79;154,3;39,7;253,5;16,8;71,3;527,7;2;Irrigar
2025-12-17;18,5;23,2;14,1;89,3;605,3;2,1;0;8;5,92;206,5;44,0;265,5;15,9;81,2;412,5;0;Ideal
2025-12-18;16,9;23,2;12,9;84,8;698,8;9,8;0;6;6,03;187,3;39,5;332,5;13,9;79,8;470,7;0;Ideal
2025-12-19;17,4;22,6;11,9;80,3;757,9;13,6;0;4;5,97;212,2;46,7;300,6;14,8;83,7;505,5;0;Ideal
2025-12-20;16,7;22,3;11,5;91,0;720,1;6,3;0;8;6,14;191,3;39,9;303,2;13,7;81,2;501,5;0;Ideal
2025-12-21;17,8;23,2;13,1;80,0;695,2;27,3;0;2;5,94;182,5;34,2;271,9;15,9;87,3;498,2;1;Travar Irrigação
2025-12-22;19,0;24,6;14,1;85,5;760,1;0,0;0;7;5,85;181,2;42,5;288,7;16,5;74,5;548,4;0;Ideal
2025-12-23;16,7;23,3;11,4;83,8;463,6;5,6;0;7;5,98;195,5;38,2;269,9;13,9;74,8;318,9;0;Ideal
2025-12-24;18,4;23,8;14,4;87,9;734,0;0,0;0;7;5,88;147,2;42,3;274,8;15,2;70,8;542,3;2;Irrigar
2025-12-25;17,2;23,4;11,2;89,1;627,2;15,9;0;8;6,04;215,3;41,6;299,2;14,3;85,0;398,0;0;Ideal
2025-12-26;16,8;22,7;10,9;83,0;532,8;0,0;0;6;6,01;216,2;42,8;263,7;13,9;72,3;389,8;0;Ideal
2025-12-27;17,6;24,1;12,5;80,0;719,8;12,9;0;3;5,75;190,3;38,9;272,8;15,3;83,8;502,3;0;Ideal
2025-12-28;16,5;23,8;12,5;84,9;788,4;6,4;0;8;5,91;198,3;43,5;275,5;13,3;75,7;565,4;0;Ideal
2025-12-29;17,0;23,7;11,8;80,4;667,1;4,0;0;4;5,9;196,4;50,0;296,0;14,6;71,3;428,7;0;Ideal
2025-12-30;16,2;21,4;12,6;91,3;753,8;1,1;0;10;5,97;176,0;46,0;266,2;13,6;61,9;513,6;0;Ideal
2025-12-31;20,0;24,6;16,4;83,8;806,0;16,0;0;5;5,96;211,2;39,6;278,2;18,0;83,2;569,7;0;Ideal
