data,cidade,polo,temp_ar_c,temp_max_c,temp_min_c,umidade_relativa_pct,ponto_orvalho_c,chuva_mm,radiacao_kj_m2,vento_ms,rajada_ms,origem_clima,vpd_kpa,dli_mol_m2_d
2026-01-01,Bragança Paulista/Atibaia,Circuito das Frutas-SP,25.08,30.7,20.9,74.86,19.69,0.2,23936.5,1.94,10.3,observado_horario_agregado,0.889,49.23
2026-01-02,Bragança Paulista/Atibaia,Circuito das Frutas-SP,22.17,27.8,19.7,90.25,20.28,29.0,15746.1,2.1,13.6,observado_horario_agregado,0.291,32.38
2026-01-03,Bragança Paulista/Atibaia,Circuito das Frutas-SP,23.63,28.7,20.2,81.3,19.77,0.0,22895.9,1.65,10.2,observado_horario_agregado,0.613,47.09
2026-01-04,Bragança Paulista/Atibaia,Circuito das Frutas-SP,22.06,27.8,17.8,76.3,17.45,0.0,27644.6,2.76,11.7,observado_horario_agregado,0.66,56.85
2026-01-05,Bragança Paulista/Atibaia,Circuito das Frutas-SP,19.62,24.6,17.1,83.09,16.46,0.0,24609.5,5.04,12.4,observado_horario_agregado,0.412,50.61
2026-01-06,Bragança Paulista/Atibaia,Circuito das Frutas-SP,21.1,28.7,15.8,71.58,15.18,0.0,26606.5,2.79,10.3,observado_horario_agregado,0.776,54.72
2026-01-07,Bragança Paulista/Atibaia,Circuito das Frutas-SP,22.78,29.1,18.4,73.08,17.19,12.8,22717.3,1.72,8.3,observado_horario_agregado,0.811,46.72
2026-01-08,Bragança Paulista/Atibaia,Circuito das Frutas-SP,23.37,30.8,19.5,71.71,17.48,1.0,26061.3,1.83,9.9,observado_horario_agregado,0.875,53.6
2026-01-09,Bragança Paulista/Atibaia,Circuito das Frutas-SP,25.1,32.6,20.0,69.64,18.17,1.0,23924.3,1.44,7.2,observado_horario_agregado,1.099,49.2
2026-01-10,Bragança Paulista/Atibaia,Circuito das Frutas-SP,25.5,33.2,19.5,67.46,18.08,0.0,26518.1,1.64,7.3,observado_horario_agregado,1.189,54.53
2026-01-11,Bragança Paulista/Atibaia,Circuito das Frutas-SP,26.22,33.2,19.2,59.38,16.53,0.0,28862.0,1.29,8.4,observado_horario_agregado,1.524,59.35
2026-01-12,Bragança Paulista/Atibaia,Circuito das Frutas-SP,26.04,32.4,18.7,52.25,15.08,0.0,23551.8,1.28,8.6,observado_horario_agregado,1.654,48.43
2026-01-13,Bragança Paulista/Atibaia,Circuito das Frutas-SP,22.71,30.6,18.2,80.91,18.5,23.8,19731.3,1.8,9.1,observado_horario_agregado,0.63,40.58
2026-01-14,Bragança Paulista/Atibaia,Circuito das Frutas-SP,21.76,28.9,18.6,82.29,18.24,1.2,16862.4,1.34,10.9,observado_horario_agregado,0.511,34.68
2026-01-15,Bragança Paulista/Atibaia,Circuito das Frutas-SP,21.55,28.8,19.0,83.43,18.42,30.8,15062.5,1.48,10.6,observado_horario_agregado,0.453,30.98
2026-01-16,Bragança Paulista/Atibaia,Circuito das Frutas-SP,22.17,29.6,18.5,81.73,18.35,4.6,19371.3,0.96,12.7,observado_horario_agregado,0.562,39.84
2026-01-17,Bragança Paulista/Atibaia,Circuito das Frutas-SP,21.85,28.0,19.0,86.42,19.12,3.0,14130.4,0.79,7.1,observado_horario_agregado,0.407,29.06
2026-01-18,Bragança Paulista/Atibaia,Circuito das Frutas-SP,21.48,26.9,18.3,90.71,19.65,15.8,14574.3,1.3,6.9,observado_horario_agregado,0.273,29.97
2026-01-19,Bragança Paulista/Atibaia,Circuito das Frutas-SP,21.42,26.6,19.2,90.58,19.62,2.8,13868.9,2.35,11.6,observado_horario_agregado,0.269,28.52
2026-01-20,Bragança Paulista/Atibaia,Circuito das Frutas-SP,17.94,21.0,15.9,87.5,15.7,1.0,12122.1,4.13,15.3,observado_horario_agregado,0.272,24.93
2026-01-21,Bragança Paulista/Atibaia,Circuito das Frutas-SP,17.2,21.9,14.7,85.52,14.6,0.0,17540.4,4.5,11.5,observado_horario_agregado,0.301,36.07
2026-01-22,Bragança Paulista/Atibaia,Circuito das Frutas-SP,21.84,27.38,17.34,81.28,18.1,0.0,18215.6,2.74,8.33,sazonal_sintetico,0.542,37.46
2026-01-23,Bragança Paulista/Atibaia,Circuito das Frutas-SP,24.51,32.38,17.74,71.98,18.9,22.54,21120.1,1.83,5.08,sazonal_sintetico,0.892,43.43
2026-01-24,Bragança Paulista/Atibaia,Circuito das Frutas-SP,22.57,30.06,16.21,71.46,16.87,6.41,19897.9,2.8,9.18,sazonal_sintetico,0.817,40.92
2026-01-25,Bragança Paulista/Atibaia,Circuito das Frutas-SP,22.19,25.72,17.77,70.98,16.38,0.0,24414.8,2.65,6.2,sazonal_sintetico,0.811,50.21
2026-01-26,Bragança Paulista/Atibaia,Circuito das Frutas-SP,22.29,27.98,13.92,68.58,16.0,0.0,25269.6,2.25,5.25,sazonal_sintetico,0.872,51.97
2026-01-27,Bragança Paulista/Atibaia,Circuito das Frutas-SP,23.52,31.46,16.94,81.7,19.86,0.0,24918.1,1.95,4.37,sazonal_sintetico,0.581,51.24
2026-01-28,Bragança Paulista/Atibaia,Circuito das Frutas-SP,23.28,29.58,16.84,88.79,21.03,0.0,19833.4,2.42,6.98,sazonal_sintetico,0.364,40.79
2026-01-29,Bragança Paulista/Atibaia,Circuito das Frutas-SP,23.33,29.53,15.69,80.8,19.49,0.0,14263.5,2.74,6.99,sazonal_sintetico,0.601,29.33
2026-01-30,Bragança Paulista/Atibaia,Circuito das Frutas-SP,23.35,26.68,19.57,65.04,16.36,0.0,16971.3,3.95,9.71,sazonal_sintetico,1.009,34.9
2026-01-31,Bragança Paulista/Atibaia,Circuito das Frutas-SP,25.73,33.31,18.91,79.5,21.63,8.03,25882.4,3.05,7.37,sazonal_sintetico,0.723,53.23
2026-02-01,Bragança Paulista/Atibaia,Circuito das Frutas-SP,22.15,29.39,16.84,79.67,18.08,2.0,20759.7,3.08,6.8,sazonal_sintetico,0.593,42.69
2026-02-02,Bragança Paulista/Atibaia,Circuito das Frutas-SP,21.99,29.88,15.32,95.45,21.08,20.07,19761.0,4.77,8.08,sazonal_sintetico,0.143,40.64
2026-02-03,Bragança Paulista/Atibaia,Circuito das Frutas-SP,21.55,26.74,15.86,70.54,15.66,2.09,26440.7,2.71,6.1,sazonal_sintetico,0.793,54.38
2026-02-04,Bragança Paulista/Atibaia,Circuito das Frutas-SP,23.54,30.43,16.15,77.97,19.13,0.0,25360.4,2.69,9.33,sazonal_sintetico,0.687,52.15
2026-02-05,Bragança Paulista/Atibaia,Circuito das Frutas-SP,24.24,28.11,19.73,92.6,22.76,0.0,21861.4,2.86,5.69,sazonal_sintetico,0.258,44.96
2026-02-06,Bragança Paulista/Atibaia,Circuito das Frutas-SP,22.48,27.71,17.32,83.77,19.23,2.79,20945.0,1.49,8.43,sazonal_sintetico,0.493,43.07
2026-02-07,Bragança Paulista/Atibaia,Circuito das Frutas-SP,21.44,26.13,17.42,84.52,18.35,0.0,21368.5,1.94,5.58,sazonal_sintetico,0.446,43.94
2026-02-08,Bragança Paulista/Atibaia,Circuito das Frutas-SP,21.44,27.46,14.33,81.33,17.71,0.0,22344.9,1.9,4.34,sazonal_sintetico,0.529,45.95
2026-02-09,Bragança Paulista/Atibaia,Circuito das Frutas-SP,23.49,30.22,18.68,82.78,20.04,3.0,26157.8,2.82,6.06,sazonal_sintetico,0.549,53.79
2026-02-10,Bragança Paulista/Atibaia,Circuito das Frutas-SP,23.6,32.26,15.57,85.86,20.77,15.42,22827.9,2.16,4.45,sazonal_sintetico,0.46,46.95
2026-02-11,Bragança Paulista/Atibaia,Circuito das Frutas-SP,23.29,30.67,17.18,74.7,18.23,5.87,23643.7,2.41,8.36,sazonal_sintetico,0.765,48.62
2026-02-12,Bragança Paulista/Atibaia,Circuito das Frutas-SP,21.57,25.45,16.97,86.45,18.86,0.0,24849.0,3.17,7.73,sazonal_sintetico,0.397,51.1
2026-02-13,Bragança Paulista/Atibaia,Circuito das Frutas-SP,22.81,28.01,17.69,70.63,16.93,1.74,18262.8,2.99,6.68,sazonal_sintetico,0.847,37.56
2026-02-14,Bragança Paulista/Atibaia,Circuito das Frutas-SP,22.62,27.78,17.77,82.48,19.11,7.83,23612.8,2.17,7.48,sazonal_sintetico,0.532,48.56
2026-02-15,Bragança Paulista/Atibaia,Circuito das Frutas-SP,22.73,29.4,16.27,81.37,19.01,9.97,20634.2,1.76,6.92,sazonal_sintetico,0.566,42.43
2026-02-16,Bragança Paulista/Atibaia,Circuito das Frutas-SP,23.62,31.52,16.5,75.73,18.76,0.0,14372.3,3.21,9.91,sazonal_sintetico,0.751,29.56
2026-02-17,Bragança Paulista/Atibaia,Circuito das Frutas-SP,22.68,28.4,18.88,79.82,18.64,5.3,15415.4,2.92,9.73,sazonal_sintetico,0.607,31.7
2026-02-18,Bragança Paulista/Atibaia,Circuito das Frutas-SP,23.29,30.93,16.16,75.55,18.4,0.0,18479.0,1.01,6.42,sazonal_sintetico,0.743,38.0
2026-02-19,Bragança Paulista/Atibaia,Circuito das Frutas-SP,22.4,27.58,17.53,72.33,16.86,5.2,22771.1,2.05,8.14,sazonal_sintetico,0.788,46.83
2026-02-20,Bragança Paulista/Atibaia,Circuito das Frutas-SP,22.68,29.85,14.1,77.28,18.13,0.0,21554.9,2.43,8.39,sazonal_sintetico,0.674,44.33
2026-02-21,Bragança Paulista/Atibaia,Circuito das Frutas-SP,23.12,28.98,15.12,71.94,17.51,0.0,21703.7,2.92,7.38,sazonal_sintetico,0.829,44.63
2026-02-22,Bragança Paulista/Atibaia,Circuito das Frutas-SP,20.16,27.05,13.14,81.85,16.53,0.0,26600.0,3.03,8.55,sazonal_sintetico,0.481,54.7
2026-02-23,Bragança Paulista/Atibaia,Circuito das Frutas-SP,21.72,27.87,14.58,71.45,16.01,23.98,17532.3,2.53,4.92,sazonal_sintetico,0.78,36.06
2026-02-24,Bragança Paulista/Atibaia,Circuito das Frutas-SP,21.47,27.46,15.56,84.4,18.35,0.0,20956.0,2.77,8.56,sazonal_sintetico,0.45,43.1
2026-02-25,Bragança Paulista/Atibaia,Circuito das Frutas-SP,21.2,27.17,16.45,71.06,15.41,0.0,21831.0,2.35,9.16,sazonal_sintetico,0.767,44.9
2026-02-26,Bragança Paulista/Atibaia,Circuito das Frutas-SP,21.67,28.16,17.6,75.27,16.73,8.02,18861.5,1.76,4.19,sazonal_sintetico,0.687,38.79
2026-02-27,Bragança Paulista/Atibaia,Circuito das Frutas-SP,24.11,30.07,19.28,74.77,19.06,8.6,20945.5,2.09,8.27,sazonal_sintetico,0.797,43.07
2026-02-28,Bragança Paulista/Atibaia,Circuito das Frutas-SP,20.76,26.98,14.78,88.33,18.43,0.0,16328.1,2.32,8.98,sazonal_sintetico,0.331,33.58
2026-03-01,Bragança Paulista/Atibaia,Circuito das Frutas-SP,23.29,31.11,16.48,81.26,19.54,0.0,24696.2,2.27,5.4,sazonal_sintetico,0.586,50.79
2026-03-02,Bragança Paulista/Atibaia,Circuito das Frutas-SP,19.54,25.94,13.15,77.37,15.01,15.17,18779.3,0.79,5.42,sazonal_sintetico,0.566,38.62
2026-03-03,Bragança Paulista/Atibaia,Circuito das Frutas-SP,21.38,28.6,15.7,82.24,17.83,4.22,26313.8,1.98,8.62,sazonal_sintetico,0.504,54.11
2026-03-04,Bragança Paulista/Atibaia,Circuito das Frutas-SP,22.03,26.13,15.21,63.9,14.81,0.0,20471.7,2.34,9.15,sazonal_sintetico,0.964,42.1
2026-03-05,Bragança Paulista/Atibaia,Circuito das Frutas-SP,22.58,29.6,14.28,78.24,18.23,0.0,23376.8,2.07,4.71,sazonal_sintetico,0.645,48.07
2026-03-06,Bragança Paulista/Atibaia,Circuito das Frutas-SP,22.71,27.84,17.2,92.42,21.2,0.0,20283.5,2.1,5.85,sazonal_sintetico,0.244,41.71
2026-03-07,Bragança Paulista/Atibaia,Circuito das Frutas-SP,22.78,27.05,17.48,79.25,18.63,0.0,20279.9,2.69,8.18,sazonal_sintetico,0.625,41.71
2026-03-08,Bragança Paulista/Atibaia,Circuito das Frutas-SP,21.14,27.72,15.06,78.69,16.87,0.0,18662.9,1.44,4.54,sazonal_sintetico,0.586,38.38
2026-03-09,Bragança Paulista/Atibaia,Circuito das Frutas-SP,20.93,28.31,13.87,81.94,17.32,3.94,20562.7,1.0,4.62,sazonal_sintetico,0.499,42.29
2026-03-10,Bragança Paulista/Atibaia,Circuito das Frutas-SP,22.73,30.5,16.09,84.26,19.58,0.0,21049.5,2.02,4.14,sazonal_sintetico,0.485,43.29
2026-03-11,Bragança Paulista/Atibaia,Circuito das Frutas-SP,21.21,26.59,17.36,63.89,13.99,0.0,17892.0,2.91,5.68,sazonal_sintetico,0.922,36.79
2026-03-12,Bragança Paulista/Atibaia,Circuito das Frutas-SP,19.64,26.0,14.12,65.98,12.84,8.04,19665.5,3.65,8.46,sazonal_sintetico,0.805,40.44
2026-03-13,Bragança Paulista/Atibaia,Circuito das Frutas-SP,19.79,24.62,15.31,79.11,15.61,6.65,18234.1,2.93,8.19,sazonal_sintetico,0.535,37.5
2026-03-14,Bragança Paulista/Atibaia,Circuito das Frutas-SP,20.04,27.23,13.66,72.51,14.54,0.0,26307.2,1.13,6.37,sazonal_sintetico,0.688,54.1
2026-03-15,Bragança Paulista/Atibaia,Circuito das Frutas-SP,21.97,28.44,15.56,86.57,19.29,0.0,19541.6,2.11,8.01,sazonal_sintetico,0.402,40.19
2026-03-16,Bragança Paulista/Atibaia,Circuito das Frutas-SP,21.42,25.58,15.95,75.06,16.43,4.93,24043.2,2.51,6.58,sazonal_sintetico,0.683,49.44
2026-03-17,Bragança Paulista/Atibaia,Circuito das Frutas-SP,22.14,26.79,17.92,63.6,14.85,0.0,19091.6,2.44,5.81,sazonal_sintetico,0.976,39.26
2026-03-18,Bragança Paulista/Atibaia,Circuito das Frutas-SP,20.52,24.97,15.55,68.13,14.14,0.0,20287.2,2.73,4.81,sazonal_sintetico,0.801,41.72
2026-03-19,Bragança Paulista/Atibaia,Circuito das Frutas-SP,21.28,27.72,13.84,57.63,12.81,0.0,15782.3,1.57,4.6,sazonal_sintetico,1.051,32.46
2026-03-20,Bragança Paulista/Atibaia,Circuito das Frutas-SP,21.88,28.17,17.18,75.11,16.9,0.0,18150.4,2.35,5.91,sazonal_sintetico,0.699,37.33
2026-03-21,Bragança Paulista/Atibaia,Circuito das Frutas-SP,20.52,27.68,11.7,75.3,15.58,0.0,19910.9,2.64,5.53,sazonal_sintetico,0.644,40.95
2026-03-22,Bragança Paulista/Atibaia,Circuito das Frutas-SP,21.53,26.51,13.99,73.51,16.23,0.0,23680.6,2.96,5.06,sazonal_sintetico,0.724,48.7
2026-03-23,Bragança Paulista/Atibaia,Circuito das Frutas-SP,19.91,26.03,12.74,83.9,16.69,6.15,19778.9,1.66,4.44,sazonal_sintetico,0.425,40.68
2026-03-24,Bragança Paulista/Atibaia,Circuito das Frutas-SP,20.27,26.0,15.04,84.6,17.19,0.0,22948.5,2.02,7.35,sazonal_sintetico,0.416,47.19
2026-03-25,Bragança Paulista/Atibaia,Circuito das Frutas-SP,20.19,28.37,12.64,74.88,15.16,0.0,20784.1,0.14,5.28,sazonal_sintetico,0.642,42.74
2026-03-26,Bragança Paulista/Atibaia,Circuito das Frutas-SP,18.99,25.21,12.38,60.99,11.19,12.37,23462.1,1.8,8.48,sazonal_sintetico,0.867,48.25
2026-03-27,Bragança Paulista/Atibaia,Circuito das Frutas-SP,21.28,27.55,14.26,80.12,17.31,5.32,18654.6,1.88,7.87,sazonal_sintetico,0.555,38.36
2026-03-28,Bragança Paulista/Atibaia,Circuito das Frutas-SP,19.89,25.81,12.6,79.54,15.79,5.33,25426.4,1.48,6.32,sazonal_sintetico,0.527,52.29
2026-03-29,Bragança Paulista/Atibaia,Circuito das Frutas-SP,20.5,26.08,16.02,77.68,16.04,0.0,17287.9,2.43,5.12,sazonal_sintetico,0.589,35.55
2026-03-30,Bragança Paulista/Atibaia,Circuito das Frutas-SP,21.1,28.69,15.22,82.24,17.54,0.0,16413.5,2.26,7.08,sazonal_sintetico,0.496,33.75
2026-03-31,Bragança Paulista/Atibaia,Circuito das Frutas-SP,20.99,26.24,15.71,67.07,14.4,11.56,15083.4,0.49,2.8,sazonal_sintetico,0.844,31.02
2026-04-01,Bragança Paulista/Atibaia,Circuito das Frutas-SP,21.23,28.29,14.92,89.14,19.06,0.0,24909.8,2.47,6.63,sazonal_sintetico,0.317,51.23
2026-04-02,Bragança Paulista/Atibaia,Circuito das Frutas-SP,20.1,26.69,13.47,68.22,13.75,0.0,20588.2,1.56,5.51,sazonal_sintetico,0.781,42.34
2026-04-03,Bragança Paulista/Atibaia,Circuito das Frutas-SP,19.58,25.4,12.14,80.03,15.59,0.28,17268.6,2.69,6.83,sazonal_sintetico,0.507,35.51
2026-04-04,Bragança Paulista/Atibaia,Circuito das Frutas-SP,20.0,23.87,15.05,62.83,12.57,0.0,21611.2,1.27,4.67,sazonal_sintetico,0.883,44.44
2026-04-05,Bragança Paulista/Atibaia,Circuito das Frutas-SP,17.69,22.34,11.99,67.98,11.29,19.93,19948.7,2.32,7.75,sazonal_sintetico,0.686,41.02
2026-04-06,Bragança Paulista/Atibaia,Circuito das Frutas-SP,17.96,23.47,12.56,84.96,14.96,0.0,23437.2,2.07,8.28,sazonal_sintetico,0.359,48.2
2026-04-07,Bragança Paulista/Atibaia,Circuito das Frutas-SP,18.07,23.33,11.38,72.37,12.55,0.0,13506.6,2.54,8.39,sazonal_sintetico,0.62,27.78
2026-04-08,Bragança Paulista/Atibaia,Circuito das Frutas-SP,18.47,23.79,12.07,79.92,14.45,18.85,17005.6,2.4,7.54,sazonal_sintetico,0.479,34.97
2026-04-09,Bragança Paulista/Atibaia,Circuito das Frutas-SP,20.36,26.89,14.14,75.55,15.47,0.0,16361.2,2.1,6.79,sazonal_sintetico,0.633,33.65
2026-04-10,Bragança Paulista/Atibaia,Circuito das Frutas-SP,18.47,24.47,12.36,73.01,13.07,0.0,12037.3,1.07,3.23,sazonal_sintetico,0.621,24.75
2026-04-11,Bragança Paulista/Atibaia,Circuito das Frutas-SP,19.14,24.37,13.74,83.14,15.77,0.0,20439.5,1.12,6.73,sazonal_sintetico,0.425,42.03
2026-04-12,Bragança Paulista/Atibaia,Circuito das Frutas-SP,21.43,27.4,14.64,71.78,15.78,0.0,16620.2,1.83,6.56,sazonal_sintetico,0.76,34.18
2026-04-13,Bragança Paulista/Atibaia,Circuito das Frutas-SP,19.04,23.87,14.57,60.82,11.21,0.0,19354.8,2.29,5.65,sazonal_sintetico,0.872,39.8
2026-04-14,Bragança Paulista/Atibaia,Circuito das Frutas-SP,20.51,26.97,13.6,67.51,14.01,3.16,23797.4,1.81,5.45,sazonal_sintetico,0.813,48.94
2026-04-15,Bragança Paulista/Atibaia,Circuito das Frutas-SP,18.1,23.77,13.16,76.83,13.47,0.0,16107.0,2.8,9.48,sazonal_sintetico,0.533,33.12
2026-04-16,Bragança Paulista/Atibaia,Circuito das Frutas-SP,19.06,22.76,14.44,75.59,14.18,0.0,15822.7,2.08,7.2,sazonal_sintetico,0.588,32.54
2026-04-17,Bragança Paulista/Atibaia,Circuito das Frutas-SP,17.95,23.32,11.1,61.7,10.29,0.0,17239.9,1.53,5.91,sazonal_sintetico,0.806,35.45
2026-04-18,Bragança Paulista/Atibaia,Circuito das Frutas-SP,18.74,25.81,12.57,67.44,12.23,0.0,19577.5,2.08,7.18,sazonal_sintetico,0.738,40.26
2026-04-19,Bragança Paulista/Atibaia,Circuito das Frutas-SP,20.33,24.57,15.44,68.29,13.98,0.0,15131.9,2.48,6.55,sazonal_sintetico,0.789,31.12
2026-04-20,Bragança Paulista/Atibaia,Circuito das Frutas-SP,16.67,21.19,10.94,69.64,10.6,6.08,14857.5,2.56,6.91,sazonal_sintetico,0.619,30.55
2026-04-21,Bragança Paulista/Atibaia,Circuito das Frutas-SP,19.63,24.34,13.32,62.42,12.11,0.0,19489.7,3.8,7.25,sazonal_sintetico,0.872,40.08
2026-04-22,Bragança Paulista/Atibaia,Circuito das Frutas-SP,19.29,25.92,13.91,67.49,12.79,8.23,17495.1,1.76,5.96,sazonal_sintetico,0.76,35.98
2026-04-23,Bragança Paulista/Atibaia,Circuito das Frutas-SP,18.06,24.53,12.42,66.64,11.39,0.0,10615.1,2.24,7.67,sazonal_sintetico,0.725,21.83
2026-04-24,Bragança Paulista/Atibaia,Circuito das Frutas-SP,16.8,23.16,10.14,76.98,12.2,0.0,12814.7,2.64,4.84,sazonal_sintetico,0.492,26.35
2026-04-25,Bragança Paulista/Atibaia,Circuito das Frutas-SP,18.86,25.28,14.01,77.09,14.28,0.0,20354.8,2.28,8.26,sazonal_sintetico,0.551,41.86
2026-04-26,Bragança Paulista/Atibaia,Circuito das Frutas-SP,17.95,22.68,12.64,70.25,12.0,0.0,17182.4,1.9,5.31,sazonal_sintetico,0.655,35.34
2026-04-27,Bragança Paulista/Atibaia,Circuito das Frutas-SP,18.95,25.42,14.38,68.38,12.63,0.0,13828.6,1.06,6.47,sazonal_sintetico,0.729,28.44
2026-04-28,Bragança Paulista/Atibaia,Circuito das Frutas-SP,18.59,25.64,11.82,71.95,12.98,0.0,15391.5,1.89,7.1,sazonal_sintetico,0.646,31.65
2026-04-29,Bragança Paulista/Atibaia,Circuito das Frutas-SP,20.74,26.22,13.62,65.1,13.76,0.0,15811.8,1.44,6.7,sazonal_sintetico,0.874,32.52
2026-04-30,Bragança Paulista/Atibaia,Circuito das Frutas-SP,18.1,23.38,13.71,62.63,10.63,0.0,17741.2,0.92,5.96,sazonal_sintetico,0.796,36.48
2026-05-01,Bragança Paulista/Atibaia,Circuito das Frutas-SP,16.94,22.37,10.05,63.93,9.72,3.77,11784.5,1.66,8.46,sazonal_sintetico,0.725,24.23
2026-05-02,Bragança Paulista/Atibaia,Circuito das Frutas-SP,18.56,24.55,10.79,65.91,11.74,19.98,13139.8,1.46,6.0,sazonal_sintetico,0.759,27.02
2026-05-03,Bragança Paulista/Atibaia,Circuito das Frutas-SP,18.55,25.45,11.0,62.06,10.96,0.0,16165.9,2.77,8.43,sazonal_sintetico,0.827,33.25
2026-05-04,Bragança Paulista/Atibaia,Circuito das Frutas-SP,20.08,28.49,13.15,71.19,14.32,0.0,15029.6,2.78,8.31,sazonal_sintetico,0.718,30.91
2026-05-05,Bragança Paulista/Atibaia,Circuito das Frutas-SP,19.28,26.76,13.19,75.01,14.28,0.0,16818.1,1.58,4.76,sazonal_sintetico,0.608,34.59
2026-05-06,Bragança Paulista/Atibaia,Circuito das Frutas-SP,18.55,24.34,11.97,58.64,10.28,4.88,11682.5,2.09,5.51,sazonal_sintetico,0.885,24.03
2026-05-07,Bragança Paulista/Atibaia,Circuito das Frutas-SP,20.04,28.46,12.6,69.78,13.99,0.0,16033.7,0.81,4.93,sazonal_sintetico,0.746,32.97
2026-05-08,Bragança Paulista/Atibaia,Circuito das Frutas-SP,16.26,21.73,10.25,67.91,9.84,0.0,17999.2,1.9,5.29,sazonal_sintetico,0.634,37.02
2026-05-09,Bragança Paulista/Atibaia,Circuito das Frutas-SP,16.97,25.38,9.25,71.69,11.3,0.0,16215.3,2.62,6.45,sazonal_sintetico,0.594,33.35
2026-05-10,Bragança Paulista/Atibaia,Circuito das Frutas-SP,16.5,22.41,12.35,69.07,10.32,0.0,15151.7,2.96,6.91,sazonal_sintetico,0.623,31.16
2026-05-11,Bragança Paulista/Atibaia,Circuito das Frutas-SP,17.19,22.14,12.58,58.83,8.96,0.0,14404.2,1.73,6.75,sazonal_sintetico,0.817,29.62
2026-05-12,Bragança Paulista/Atibaia,Circuito das Frutas-SP,15.75,20.76,11.74,60.03,7.75,0.0,12246.2,3.14,6.24,sazonal_sintetico,0.734,25.18
2026-05-13,Bragança Paulista/Atibaia,Circuito das Frutas-SP,18.5,28.07,11.09,68.93,12.29,0.0,14293.7,1.09,7.11,sazonal_sintetico,0.701,29.4
2026-05-14,Bragança Paulista/Atibaia,Circuito das Frutas-SP,17.24,22.59,12.43,75.78,12.4,0.0,17934.7,1.3,5.49,sazonal_sintetico,0.528,36.88
2026-05-15,Bragança Paulista/Atibaia,Circuito das Frutas-SP,15.43,20.21,9.52,52.93,6.02,0.0,13987.1,2.87,8.4,sazonal_sintetico,0.817,28.76
2026-05-16,Bragança Paulista/Atibaia,Circuito das Frutas-SP,16.01,22.29,8.39,70.71,10.15,10.12,11742.4,3.64,6.04,sazonal_sintetico,0.579,24.15
2026-05-17,Bragança Paulista/Atibaia,Circuito das Frutas-SP,17.81,22.54,11.69,76.48,13.11,11.47,12769.7,2.69,7.04,sazonal_sintetico,0.531,26.26
2026-05-18,Bragança Paulista/Atibaia,Circuito das Frutas-SP,18.49,23.54,11.6,66.94,11.88,0.0,14625.2,2.27,4.41,sazonal_sintetico,0.737,30.08
2026-05-19,Bragança Paulista/Atibaia,Circuito das Frutas-SP,20.05,27.51,11.53,71.73,14.4,0.0,12932.5,0.54,5.92,sazonal_sintetico,0.706,26.6
2026-05-20,Bragança Paulista/Atibaia,Circuito das Frutas-SP,21.28,25.85,15.78,62.82,13.84,12.15,15253.5,0.68,4.4,sazonal_sintetico,0.948,31.37
2026-05-21,Bragança Paulista/Atibaia,Circuito das Frutas-SP,17.72,24.93,11.8,66.77,11.08,0.0,15275.6,2.4,9.15,sazonal_sintetico,0.709,31.41
2026-05-22,Bragança Paulista/Atibaia,Circuito das Frutas-SP,15.7,22.78,8.6,56.12,6.92,0.0,16218.7,2.01,5.63,sazonal_sintetico,0.787,33.35
2026-05-23,Bragança Paulista/Atibaia,Circuito das Frutas-SP,14.04,19.93,9.46,50.92,4.23,0.0,17634.2,1.42,6.23,sazonal_sintetico,0.777,36.26
2026-05-24,Bragança Paulista/Atibaia,Circuito das Frutas-SP,17.35,22.65,12.72,73.8,12.11,0.0,16356.2,2.35,5.64,sazonal_sintetico,0.568,33.64
2026-05-25,Bragança Paulista/Atibaia,Circuito das Frutas-SP,15.78,20.53,10.1,60.18,7.82,0.0,10872.3,2.39,7.49,sazonal_sintetico,0.734,22.36
2026-05-26,Bragança Paulista/Atibaia,Circuito das Frutas-SP,16.28,21.68,10.7,63.75,9.03,0.0,10879.5,3.06,7.39,sazonal_sintetico,0.701,22.37
2026-05-27,Bragança Paulista/Atibaia,Circuito das Frutas-SP,15.95,20.76,10.78,57.11,7.38,0.0,13119.5,2.41,6.26,sazonal_sintetico,0.785,26.98
2026-05-28,Bragança Paulista/Atibaia,Circuito das Frutas-SP,16.56,22.78,9.77,56.82,7.92,0.0,11991.5,3.28,6.3,sazonal_sintetico,0.817,24.66
2026-05-29,Bragança Paulista/Atibaia,Circuito das Frutas-SP,18.2,25.64,10.25,65.35,11.27,0.0,9991.5,2.31,4.86,sazonal_sintetico,0.754,20.55
2026-05-30,Bragança Paulista/Atibaia,Circuito das Frutas-SP,16.87,23.76,10.5,61.34,9.14,0.0,11867.2,2.21,4.81,sazonal_sintetico,0.763,24.4
2026-05-31,Bragança Paulista/Atibaia,Circuito das Frutas-SP,16.38,21.26,11.4,68.97,10.17,4.19,11701.4,3.15,10.15,sazonal_sintetico,0.621,24.06
2026-06-01,Bragança Paulista/Atibaia,Circuito das Frutas-SP,15.1,22.33,8.1,69.37,8.98,0.0,11076.0,1.52,5.58,sazonal_sintetico,0.57,22.78
2026-06-02,Bragança Paulista/Atibaia,Circuito das Frutas-SP,14.16,19.7,6.64,68.33,7.82,0.0,12001.1,4.55,6.56,sazonal_sintetico,0.555,24.68
2026-06-03,Bragança Paulista/Atibaia,Circuito das Frutas-SP,15.77,21.11,9.16,67.64,9.3,7.6,16114.2,2.6,9.36,sazonal_sintetico,0.62,33.14
2026-06-04,Bragança Paulista/Atibaia,Circuito das Frutas-SP,16.33,22.28,9.98,76.9,11.71,4.88,13302.7,2.6,4.7,sazonal_sintetico,0.481,27.36
2026-06-05,Bragança Paulista/Atibaia,Circuito das Frutas-SP,18.83,23.33,14.56,58.27,10.49,0.0,19597.3,2.72,6.81,sazonal_sintetico,0.906,40.3
2026-06-06,Bragança Paulista/Atibaia,Circuito das Frutas-SP,16.49,21.84,10.73,65.25,9.54,6.13,13086.2,3.8,9.39,sazonal_sintetico,0.686,26.91
2026-06-07,Bragança Paulista/Atibaia,Circuito das Frutas-SP,17.64,22.91,11.59,73.45,12.33,0.0,11730.4,2.93,9.51,sazonal_sintetico,0.584,24.12
2026-06-08,Bragança Paulista/Atibaia,Circuito das Frutas-SP,15.52,21.09,10.99,74.27,10.38,12.4,12489.0,1.02,6.58,sazonal_sintetico,0.504,25.68
2026-06-09,Bragança Paulista/Atibaia,Circuito das Frutas-SP,14.52,19.57,10.01,55.36,5.59,0.0,13131.7,3.42,7.74,sazonal_sintetico,0.744,27.01
2026-06-10,Bragança Paulista/Atibaia,Circuito das Frutas-SP,14.78,20.28,9.01,63.02,7.39,0.0,13569.5,2.03,8.9,sazonal_sintetico,0.653,27.91
2026-06-11,Bragança Paulista/Atibaia,Circuito das Frutas-SP,15.08,20.98,8.63,74.62,10.0,0.0,18104.1,2.39,4.58,sazonal_sintetico,0.486,37.23
2026-06-12,Bragança Paulista/Atibaia,Circuito das Frutas-SP,19.03,25.19,12.06,68.57,12.74,0.0,9862.2,1.28,8.21,sazonal_sintetico,0.729,20.28
2026-06-13,Bragança Paulista/Atibaia,Circuito das Frutas-SP,14.86,21.7,9.19,66.28,8.11,0.27,14575.4,2.72,8.97,sazonal_sintetico,0.609,29.97
2026-06-14,Bragança Paulista/Atibaia,Circuito das Frutas-SP,17.14,24.53,9.25,63.3,9.8,0.0,12694.1,1.78,8.42,sazonal_sintetico,0.744,26.11
2026-06-15,Bragança Paulista/Atibaia,Circuito das Frutas-SP,14.67,19.57,10.58,62.04,7.07,0.0,7656.9,2.38,5.65,sazonal_sintetico,0.662,15.75
2026-06-16,Bragança Paulista/Atibaia,Circuito das Frutas-SP,17.2,23.22,11.41,66.66,10.53,0.0,14158.8,2.07,4.79,sazonal_sintetico,0.69,29.12
2026-06-17,Bragança Paulista/Atibaia,Circuito das Frutas-SP,16.39,22.83,10.39,62.78,8.95,13.04,15496.5,3.84,9.16,sazonal_sintetico,0.72,31.87
2026-06-18,Bragança Paulista/Atibaia,Circuito das Frutas-SP,15.6,19.45,9.41,64.17,8.43,8.57,9494.6,3.89,8.47,sazonal_sintetico,0.667,19.53
2026-06-19,Bragança Paulista/Atibaia,Circuito das Frutas-SP,15.73,21.55,8.82,64.93,8.71,0.0,11818.7,2.34,6.95,sazonal_sintetico,0.661,24.31
2026-06-20,Bragança Paulista/Atibaia,Circuito das Frutas-SP,14.83,19.76,7.78,59.55,6.74,0.0,6963.0,2.35,8.97,sazonal_sintetico,0.703,14.32
2026-06-21,Bragança Paulista/Atibaia,Circuito das Frutas-SP,16.34,22.48,11.21,67.95,9.93,0.0,8221.1,2.0,7.1,sazonal_sintetico,0.636,16.91
2026-06-22,Bragança Paulista/Atibaia,Circuito das Frutas-SP,15.05,20.99,11.31,84.54,11.95,0.0,14633.4,3.18,6.74,sazonal_sintetico,0.312,30.09
2026-06-23,Bragança Paulista/Atibaia,Circuito das Frutas-SP,13.94,18.63,8.26,51.63,4.26,0.0,10347.5,2.04,6.04,sazonal_sintetico,0.764,21.28
2026-06-24,Bragança Paulista/Atibaia,Circuito das Frutas-SP,13.83,19.05,6.85,66.27,7.09,0.0,8504.8,1.96,4.63,sazonal_sintetico,0.574,17.49
2026-06-25,Bragança Paulista/Atibaia,Circuito das Frutas-SP,15.83,19.1,10.62,58.61,7.55,0.0,12209.4,3.08,6.04,sazonal_sintetico,0.758,25.11
2026-06-26,Bragança Paulista/Atibaia,Circuito das Frutas-SP,17.77,22.31,12.07,67.9,11.35,9.91,10063.0,1.87,4.59,sazonal_sintetico,0.691,20.69
2026-06-27,Bragança Paulista/Atibaia,Circuito das Frutas-SP,15.76,20.69,11.0,64.12,8.58,0.0,10167.8,2.27,8.32,sazonal_sintetico,0.674,20.91
2026-06-28,Bragança Paulista/Atibaia,Circuito das Frutas-SP,15.34,20.99,9.34,69.07,9.16,0.0,13518.1,1.03,6.56,sazonal_sintetico,0.583,27.8
2026-06-29,Bragança Paulista/Atibaia,Circuito das Frutas-SP,15.88,22.17,11.02,71.9,10.26,0.0,8158.5,2.86,7.52,sazonal_sintetico,0.555,16.78
2026-06-30,Bragança Paulista/Atibaia,Circuito das Frutas-SP,17.29,23.02,10.92,64.96,10.28,3.75,8841.2,3.85,7.72,sazonal_sintetico,0.722,18.18
2026-07-01,Bragança Paulista/Atibaia,Circuito das Frutas-SP,15.74,21.34,11.79,71.48,10.04,0.0,11774.0,2.88,8.22,sazonal_sintetico,0.557,24.21
2026-07-02,Bragança Paulista/Atibaia,Circuito das Frutas-SP,14.84,19.53,9.69,47.1,4.26,0.0,14024.8,3.47,9.53,sazonal_sintetico,0.86,28.84
2026-07-03,Bragança Paulista/Atibaia,Circuito das Frutas-SP,16.94,23.28,10.55,74.59,11.86,14.23,14746.7,1.62,8.03,sazonal_sintetico,0.541,30.33
2026-07-04,Bragança Paulista/Atibaia,Circuito das Frutas-SP,15.97,22.77,9.2,66.04,9.18,0.0,9388.7,2.49,7.22,sazonal_sintetico,0.653,19.31
2026-07-05,Bragança Paulista/Atibaia,Circuito das Frutas-SP,17.5,22.72,11.02,70.91,11.69,0.0,13848.1,1.55,7.64,sazonal_sintetico,0.627,28.48
2026-07-06,Bragança Paulista/Atibaia,Circuito das Frutas-SP,15.59,22.42,8.99,54.78,6.55,0.0,9001.9,2.12,6.67,sazonal_sintetico,0.8,18.51
2026-07-07,Bragança Paulista/Atibaia,Circuito das Frutas-SP,13.61,20.48,6.15,57.47,5.1,0.0,16286.5,2.92,7.29,sazonal_sintetico,0.68,33.49
2026-07-08,Bragança Paulista/Atibaia,Circuito das Frutas-SP,13.39,17.94,9.24,64.27,6.24,0.0,7975.8,2.38,8.71,sazonal_sintetico,0.585,16.4
2026-07-09,Bragança Paulista/Atibaia,Circuito das Frutas-SP,17.6,24.47,12.52,63.09,10.22,0.0,14848.9,1.17,5.1,sazonal_sintetico,0.767,30.54
2026-07-10,Bragança Paulista/Atibaia,Circuito das Frutas-SP,17.69,23.31,12.05,65.16,10.72,0.0,9271.4,1.25,5.23,sazonal_sintetico,0.735,19.07
2026-07-11,Bragança Paulista/Atibaia,Circuito das Frutas-SP,15.01,22.18,10.73,70.74,9.16,5.74,16728.7,1.2,4.72,sazonal_sintetico,0.546,34.4
2026-07-12,Bragança Paulista/Atibaia,Circuito das Frutas-SP,14.72,21.57,8.84,50.77,4.87,0.0,12730.9,2.69,7.29,sazonal_sintetico,0.81,26.18
2026-07-13,Bragança Paulista/Atibaia,Circuito das Frutas-SP,17.29,22.21,11.04,69.92,11.27,0.0,8215.6,3.95,8.68,sazonal_sintetico,0.637,16.9
2026-07-14,Bragança Paulista/Atibaia,Circuito das Frutas-SP,13.68,20.54,7.18,63.14,6.31,18.96,9585.0,3.39,8.69,sazonal_sintetico,0.611,19.71
2026-07-15,Bragança Paulista/Atibaia,Circuito das Frutas-SP,13.97,20.17,6.42,61.63,6.3,0.0,13223.0,0.78,4.94,sazonal_sintetico,0.641,27.19
2026-07-16,Bragança Paulista/Atibaia,Circuito das Frutas-SP,16.12,21.53,10.12,52.74,6.67,0.0,13973.1,3.44,6.53,sazonal_sintetico,0.853,28.74
2026-07-17,Bragança Paulista/Atibaia,Circuito das Frutas-SP,14.66,22.21,6.95,66.55,7.97,2.38,10819.4,3.05,9.38,sazonal_sintetico,0.598,22.25
2026-07-18,Bragança Paulista/Atibaia,Circuito das Frutas-SP,15.2,21.91,10.23,46.12,4.42,0.0,11135.7,1.06,4.79,sazonal_sintetico,0.89,22.9
2026-07-19,Bragança Paulista/Atibaia,Circuito das Frutas-SP,14.98,21.53,8.22,67.55,8.48,0.0,13129.0,2.06,8.67,sazonal_sintetico,0.594,27.0
2026-07-20,Bragança Paulista/Atibaia,Circuito das Frutas-SP,15.67,21.99,9.98,52.56,6.19,0.0,11371.2,3.18,6.21,sazonal_sintetico,0.834,23.38
2026-07-21,Bragança Paulista/Atibaia,Circuito das Frutas-SP,17.17,24.09,12.13,63.37,9.85,0.0,7378.5,2.74,7.54,sazonal_sintetico,0.743,15.17
2026-07-22,Bragança Paulista/Atibaia,Circuito das Frutas-SP,15.33,22.57,7.5,62.17,7.76,0.0,8723.8,1.25,5.94,sazonal_sintetico,0.686,17.94
2026-07-23,Bragança Paulista/Atibaia,Circuito das Frutas-SP,16.1,21.34,9.68,71.19,10.34,0.0,11659.9,2.79,8.93,sazonal_sintetico,0.574,23.98
2026-07-24,Bragança Paulista/Atibaia,Circuito das Frutas-SP,12.33,19.12,7.27,61.76,4.68,17.62,14407.9,0.59,3.28,sazonal_sintetico,0.58,29.63
2026-07-25,Bragança Paulista/Atibaia,Circuito das Frutas-SP,15.14,20.89,7.93,58.16,6.77,13.49,15534.0,2.12,8.67,sazonal_sintetico,0.734,31.95
2026-07-26,Bragança Paulista/Atibaia,Circuito das Frutas-SP,14.03,20.17,7.84,59.48,5.93,0.0,13198.3,3.21,7.87,sazonal_sintetico,0.671,27.14
2026-07-27,Bragança Paulista/Atibaia,Circuito das Frutas-SP,13.51,17.85,7.42,71.95,7.9,0.0,11827.9,2.31,7.25,sazonal_sintetico,0.483,24.32
2026-07-28,Bragança Paulista/Atibaia,Circuito das Frutas-SP,13.99,19.61,8.46,66.81,7.36,0.0,13129.7,1.9,6.45,sazonal_sintetico,0.571,27.0
2026-07-29,Bragança Paulista/Atibaia,Circuito das Frutas-SP,14.76,19.38,11.29,60.37,6.84,10.54,9177.3,3.01,5.19,sazonal_sintetico,0.689,18.87
2026-07-30,Bragança Paulista/Atibaia,Circuito das Frutas-SP,16.52,20.96,12.61,61.44,8.81,0.0,10627.9,3.08,7.57,sazonal_sintetico,0.746,21.86
2026-07-31,Bragança Paulista/Atibaia,Circuito das Frutas-SP,13.39,22.18,6.25,52.15,3.82,0.0,8763.8,3.35,6.67,sazonal_sintetico,0.734,18.02
2026-08-01,Bragança Paulista/Atibaia,Circuito das Frutas-SP,15.3,21.01,9.11,65.86,8.48,0.0,7590.9,3.0,6.71,sazonal_sintetico,0.631,15.61
2026-08-02,Bragança Paulista/Atibaia,Circuito das Frutas-SP,14.59,20.35,8.86,50.85,4.77,0.0,12038.9,3.17,8.41,sazonal_sintetico,0.803,24.76
2026-08-03,Bragança Paulista/Atibaia,Circuito das Frutas-SP,14.83,20.94,6.83,68.47,8.52,0.0,11643.6,2.89,7.37,sazonal_sintetico,0.575,23.95
2026-08-04,Bragança Paulista/Atibaia,Circuito das Frutas-SP,16.7,21.29,12.39,64.14,9.53,0.0,13070.4,2.51,4.98,sazonal_sintetico,0.712,26.88
2026-08-05,Bragança Paulista/Atibaia,Circuito das Frutas-SP,16.07,21.41,11.41,79.98,12.07,0.0,12696.4,2.37,4.74,sazonal_sintetico,0.418,26.11
2026-08-06,Bragança Paulista/Atibaia,Circuito das Frutas-SP,17.2,24.17,9.33,55.61,8.33,0.0,11870.7,2.11,5.04,sazonal_sintetico,0.866,24.41
2026-08-07,Bragança Paulista/Atibaia,Circuito das Frutas-SP,15.13,22.47,8.2,62.64,7.66,0.0,12775.3,1.33,4.28,sazonal_sintetico,0.672,26.27
2026-08-08,Bragança Paulista/Atibaia,Circuito das Frutas-SP,14.39,23.16,6.02,75.99,9.59,0.0,11124.3,1.54,6.58,sazonal_sintetico,0.445,22.88
2026-08-09,Bragança Paulista/Atibaia,Circuito das Frutas-SP,15.07,21.68,7.94,71.79,9.43,0.0,12428.6,2.07,4.96,sazonal_sintetico,0.532,25.56
2026-08-10,Bragança Paulista/Atibaia,Circuito das Frutas-SP,15.75,22.15,9.86,58.62,7.47,0.0,9269.5,2.49,8.9,sazonal_sintetico,0.754,19.06
2026-08-11,Bragança Paulista/Atibaia,Circuito das Frutas-SP,15.68,21.54,7.23,65.11,8.7,0.0,12369.6,3.45,6.5,sazonal_sintetico,0.656,25.44
2026-08-12,Bragança Paulista/Atibaia,Circuito das Frutas-SP,13.94,21.08,7.22,63.62,6.66,0.0,13239.2,2.27,4.72,sazonal_sintetico,0.613,27.23
2026-08-13,Bragança Paulista/Atibaia,Circuito das Frutas-SP,15.6,23.02,9.55,65.63,8.73,0.0,9527.3,3.1,9.48,sazonal_sintetico,0.646,19.59
2026-08-14,Bragança Paulista/Atibaia,Circuito das Frutas-SP,15.82,23.91,8.23,58.83,7.59,3.21,11583.8,3.16,6.64,sazonal_sintetico,0.755,23.82
2026-08-15,Bragança Paulista/Atibaia,Circuito das Frutas-SP,19.05,26.07,10.22,63.15,11.68,0.0,9730.4,2.11,6.24,sazonal_sintetico,0.831,20.01
2026-08-16,Bragança Paulista/Atibaia,Circuito das Frutas-SP,18.18,25.99,10.29,52.66,8.72,0.0,10041.5,2.78,9.57,sazonal_sintetico,0.962,20.65
2026-08-17,Bragança Paulista/Atibaia,Circuito das Frutas-SP,14.39,19.62,10.53,64.86,7.36,0.0,8406.7,2.11,8.83,sazonal_sintetico,0.613,17.29
2026-08-18,Bragança Paulista/Atibaia,Circuito das Frutas-SP,15.21,22.87,6.29,67.13,8.64,6.1,15142.8,3.36,8.93,sazonal_sintetico,0.608,31.14
2026-08-19,Bragança Paulista/Atibaia,Circuito das Frutas-SP,13.59,19.65,7.5,62.46,6.09,0.0,14626.2,2.81,5.15,sazonal_sintetico,0.616,30.08
2026-08-20,Bragança Paulista/Atibaia,Circuito das Frutas-SP,14.85,20.72,7.74,52.82,5.41,0.0,13192.2,1.35,6.31,sazonal_sintetico,0.791,27.13
2026-08-21,Bragança Paulista/Atibaia,Circuito das Frutas-SP,16.15,22.88,10.33,71.12,10.37,0.0,17256.1,2.43,9.37,sazonal_sintetico,0.577,35.49
2026-08-22,Bragança Paulista/Atibaia,Circuito das Frutas-SP,17.43,22.49,9.48,66.83,10.79,0.0,11251.9,3.62,10.35,sazonal_sintetico,0.696,23.14
2026-08-23,Bragança Paulista/Atibaia,Circuito das Frutas-SP,14.75,22.51,7.62,59.28,6.61,0.0,20320.1,2.16,4.69,sazonal_sintetico,0.703,41.79
2026-08-24,Bragança Paulista/Atibaia,Circuito das Frutas-SP,14.89,17.34,9.98,62.48,7.39,0.0,11244.8,2.66,6.64,sazonal_sintetico,0.665,23.12
2026-08-25,Bragança Paulista/Atibaia,Circuito das Frutas-SP,12.84,18.16,7.61,54.02,3.64,0.0,12648.5,2.74,6.31,sazonal_sintetico,0.689,26.01
2026-08-26,Bragança Paulista/Atibaia,Circuito das Frutas-SP,15.65,22.77,8.74,57.44,7.14,0.0,10873.5,1.47,4.12,sazonal_sintetico,0.767,22.36
2026-08-27,Bragança Paulista/Atibaia,Circuito das Frutas-SP,14.43,20.35,9.19,60.94,6.62,0.0,13084.6,2.71,8.18,sazonal_sintetico,0.668,26.91
2026-08-28,Bragança Paulista/Atibaia,Circuito das Frutas-SP,15.22,19.16,9.16,73.4,9.9,0.0,14437.9,1.18,4.55,sazonal_sintetico,0.51,29.69
2026-08-29,Bragança Paulista/Atibaia,Circuito das Frutas-SP,14.77,18.82,11.1,60.41,6.85,0.0,11836.6,1.8,5.52,sazonal_sintetico,0.689,24.34
2026-08-30,Bragança Paulista/Atibaia,Circuito das Frutas-SP,15.91,23.84,8.47,69.47,9.8,0.0,17189.0,3.16,5.61,sazonal_sintetico,0.596,35.35
2026-08-31,Bragança Paulista/Atibaia,Circuito das Frutas-SP,13.62,19.2,7.2,61.32,5.88,2.35,12943.7,2.59,7.08,sazonal_sintetico,0.632,26.62
2026-09-01,Bragança Paulista/Atibaia,Circuito das Frutas-SP,14.07,23.32,6.59,66.92,7.45,0.0,13092.7,2.06,4.85,sazonal_sintetico,0.572,26.93
2026-09-02,Bragança Paulista/Atibaia,Circuito das Frutas-SP,19.15,25.04,12.0,64.3,12.01,3.15,9852.5,2.66,6.82,sazonal_sintetico,0.814,20.26
2026-09-03,Bragança Paulista/Atibaia,Circuito das Frutas-SP,14.41,22.17,7.16,71.5,8.71,0.0,13633.1,2.25,4.97,sazonal_sintetico,0.516,28.04
2026-09-04,Bragança Paulista/Atibaia,Circuito das Frutas-SP,14.72,21.75,9.76,61.75,7.07,0.0,12150.9,2.31,9.08,sazonal_sintetico,0.668,24.99
2026-09-05,Bragança Paulista/Atibaia,Circuito das Frutas-SP,18.87,25.86,12.23,54.6,9.79,4.93,10889.1,2.83,5.55,sazonal_sintetico,0.969,22.39
2026-09-06,Bragança Paulista/Atibaia,Circuito das Frutas-SP,20.41,24.37,14.39,56.04,11.62,0.0,10485.2,1.72,6.33,sazonal_sintetico,1.031,21.56
2026-09-07,Bragança Paulista/Atibaia,Circuito das Frutas-SP,14.75,20.83,8.49,62.1,7.17,0.0,20208.5,2.33,5.32,sazonal_sintetico,0.665,41.56
2026-09-08,Bragança Paulista/Atibaia,Circuito das Frutas-SP,15.93,22.8,9.61,57.2,7.37,0.0,12059.3,2.05,4.43,sazonal_sintetico,0.782,24.8
2026-09-09,Bragança Paulista/Atibaia,Circuito das Frutas-SP,16.97,23.15,8.19,68.93,10.75,0.0,8787.9,1.03,4.04,sazonal_sintetico,0.642,18.07
2026-09-10,Bragança Paulista/Atibaia,Circuito das Frutas-SP,18.96,25.72,11.13,62.91,11.54,0.0,10984.0,1.56,3.84,sazonal_sintetico,0.831,22.59
2026-09-11,Bragança Paulista/Atibaia,Circuito das Frutas-SP,15.21,19.23,11.3,82.91,11.79,0.0,12867.3,3.55,6.25,sazonal_sintetico,0.345,26.46
2026-09-12,Bragança Paulista/Atibaia,Circuito das Frutas-SP,16.3,22.65,10.9,54.25,7.15,0.0,14616.0,2.61,7.08,sazonal_sintetico,0.841,30.06
2026-09-13,Bragança Paulista/Atibaia,Circuito das Frutas-SP,17.78,22.45,13.46,67.96,11.37,3.19,14713.5,1.24,6.5,sazonal_sintetico,0.69,30.26
2026-09-14,Bragança Paulista/Atibaia,Circuito das Frutas-SP,17.35,21.95,14.01,58.76,9.11,0.0,15130.2,1.07,3.5,sazonal_sintetico,0.825,31.12
2026-09-15,Bragança Paulista/Atibaia,Circuito das Frutas-SP,16.27,22.71,10.12,63.33,8.94,0.0,11506.7,2.21,6.42,sazonal_sintetico,0.707,23.66
2026-09-16,Bragança Paulista/Atibaia,Circuito das Frutas-SP,16.66,23.48,10.55,67.9,10.24,2.12,14343.1,3.55,8.46,sazonal_sintetico,0.649,29.5
2026-09-17,Bragança Paulista/Atibaia,Circuito das Frutas-SP,14.98,22.3,10.33,50.76,5.13,0.0,11015.4,2.15,5.32,sazonal_sintetico,0.823,22.65
2026-09-18,Bragança Paulista/Atibaia,Circuito das Frutas-SP,16.63,22.92,9.36,68.83,10.39,13.36,11812.8,3.35,7.21,sazonal_sintetico,0.632,24.29
2026-09-19,Bragança Paulista/Atibaia,Circuito das Frutas-SP,16.64,22.53,9.29,80.62,12.77,0.0,11058.4,2.58,4.94,sazonal_sintetico,0.419,22.74
2026-09-20,Bragança Paulista/Atibaia,Circuito das Frutas-SP,17.4,25.18,10.84,64.26,10.25,0.0,10381.6,2.68,5.78,sazonal_sintetico,0.738,21.35
2026-09-21,Bragança Paulista/Atibaia,Circuito das Frutas-SP,16.35,20.67,12.06,69.39,10.23,1.91,16770.9,1.23,5.57,sazonal_sintetico,0.613,34.49
2026-09-22,Bragança Paulista/Atibaia,Circuito das Frutas-SP,17.85,21.92,12.22,74.88,12.82,15.63,15801.9,3.05,10.0,sazonal_sintetico,0.564,32.5
2026-09-23,Bragança Paulista/Atibaia,Circuito das Frutas-SP,18.66,25.38,11.47,66.69,12.0,0.0,16692.0,2.03,9.01,sazonal_sintetico,0.749,34.33
2026-09-24,Bragança Paulista/Atibaia,Circuito das Frutas-SP,17.52,24.96,12.29,63.91,10.3,0.0,14151.7,2.99,9.89,sazonal_sintetico,0.749,29.1
2026-09-25,Bragança Paulista/Atibaia,Circuito das Frutas-SP,17.85,21.14,13.6,52.19,8.29,5.72,16301.6,1.65,5.76,sazonal_sintetico,0.951,33.52
2026-09-26,Bragança Paulista/Atibaia,Circuito das Frutas-SP,17.49,23.72,10.86,72.74,12.04,0.0,9280.7,2.44,4.85,sazonal_sintetico,0.593,19.09
2026-09-27,Bragança Paulista/Atibaia,Circuito das Frutas-SP,17.48,24.6,11.68,67.61,11.0,1.84,16715.3,2.58,6.2,sazonal_sintetico,0.685,34.38
2026-09-28,Bragança Paulista/Atibaia,Circuito das Frutas-SP,16.53,21.42,11.85,61.45,8.82,0.0,14881.6,2.18,5.37,sazonal_sintetico,0.747,30.6
2026-09-29,Bragança Paulista/Atibaia,Circuito das Frutas-SP,18.04,24.25,12.14,69.57,11.96,0.0,16229.2,2.62,4.69,sazonal_sintetico,0.671,33.38
2026-09-30,Bragança Paulista/Atibaia,Circuito das Frutas-SP,17.52,23.59,10.79,64.74,10.47,0.0,15625.7,2.09,4.56,sazonal_sintetico,0.736,32.13
2026-10-01,Bragança Paulista/Atibaia,Circuito das Frutas-SP,20.65,27.43,13.1,65.27,13.71,0.0,11886.7,1.78,6.05,sazonal_sintetico,0.866,24.44
2026-10-02,Bragança Paulista/Atibaia,Circuito das Frutas-SP,19.99,24.96,15.06,73.36,14.66,7.4,10545.3,3.58,7.28,sazonal_sintetico,0.668,21.69
2026-10-03,Bragança Paulista/Atibaia,Circuito das Frutas-SP,18.39,25.06,12.86,59.9,10.37,4.47,12835.9,3.14,6.04,sazonal_sintetico,0.856,26.4
2026-10-04,Bragança Paulista/Atibaia,Circuito das Frutas-SP,16.84,23.08,11.67,76.75,12.19,5.43,16501.8,1.69,7.27,sazonal_sintetico,0.498,33.94
2026-10-05,Bragança Paulista/Atibaia,Circuito das Frutas-SP,16.41,24.66,9.05,59.78,8.37,0.0,16943.2,2.75,6.54,sazonal_sintetico,0.767,34.84
2026-10-06,Bragança Paulista/Atibaia,Circuito das Frutas-SP,19.7,26.53,13.9,65.07,12.72,0.0,11272.0,1.71,7.97,sazonal_sintetico,0.825,23.18
2026-10-07,Bragança Paulista/Atibaia,Circuito das Frutas-SP,18.47,25.79,11.87,83.32,15.13,0.0,12446.8,1.35,4.56,sazonal_sintetico,0.405,25.6
2026-10-08,Bragança Paulista/Atibaia,Circuito das Frutas-SP,18.83,24.44,12.94,77.9,14.41,0.0,13261.0,3.13,7.82,sazonal_sintetico,0.533,27.27
2026-10-09,Bragança Paulista/Atibaia,Circuito das Frutas-SP,15.78,21.39,10.16,70.85,9.95,0.0,14378.0,0.94,3.86,sazonal_sintetico,0.569,29.57
2026-10-10,Bragança Paulista/Atibaia,Circuito das Frutas-SP,19.59,27.36,13.16,63.73,12.33,0.0,11657.5,3.04,7.52,sazonal_sintetico,0.845,23.97
2026-10-11,Bragança Paulista/Atibaia,Circuito das Frutas-SP,18.99,24.15,12.54,66.76,12.34,0.0,11582.6,2.1,4.86,sazonal_sintetico,0.761,23.82
2026-10-12,Bragança Paulista/Atibaia,Circuito das Frutas-SP,16.86,21.72,12.8,71.13,11.09,0.0,13356.6,2.13,4.94,sazonal_sintetico,0.6,27.47
2026-10-13,Bragança Paulista/Atibaia,Circuito das Frutas-SP,17.82,24.01,11.99,71.04,12.03,0.0,15992.8,2.63,7.69,sazonal_sintetico,0.636,32.89
2026-10-14,Bragança Paulista/Atibaia,Circuito das Frutas-SP,18.92,25.52,12.57,70.29,12.98,0.0,12539.5,2.76,6.08,sazonal_sintetico,0.691,25.79
2026-10-15,Bragança Paulista/Atibaia,Circuito das Frutas-SP,18.69,25.02,10.86,70.87,12.86,0.0,15615.0,1.64,4.5,sazonal_sintetico,0.671,32.11
2026-10-16,Bragança Paulista/Atibaia,Circuito das Frutas-SP,18.27,25.43,11.84,69.74,12.22,0.0,18997.4,2.87,9.52,sazonal_sintetico,0.676,39.07
2026-10-17,Bragança Paulista/Atibaia,Circuito das Frutas-SP,18.6,24.49,14.21,61.3,10.86,0.0,12482.8,2.39,4.61,sazonal_sintetico,0.843,25.67
2026-10-18,Bragança Paulista/Atibaia,Circuito das Frutas-SP,18.46,24.18,13.5,67.93,12.04,0.0,15644.1,1.3,6.12,sazonal_sintetico,0.717,32.17
2026-10-19,Bragança Paulista/Atibaia,Circuito das Frutas-SP,19.09,24.27,12.96,78.1,14.71,0.0,19186.0,2.16,6.91,sazonal_sintetico,0.536,39.46
2026-10-20,Bragança Paulista/Atibaia,Circuito das Frutas-SP,21.0,27.76,15.44,62.28,13.45,12.62,15240.2,3.41,6.66,sazonal_sintetico,0.944,31.34
2026-10-21,Bragança Paulista/Atibaia,Circuito das Frutas-SP,15.41,22.6,8.24,70.68,9.55,0.0,14899.6,3.64,7.91,sazonal_sintetico,0.56,30.64
2026-10-22,Bragança Paulista/Atibaia,Circuito das Frutas-SP,18.74,25.95,10.85,66.43,12.02,0.0,19858.3,2.87,5.31,sazonal_sintetico,0.757,40.84
2026-10-23,Bragança Paulista/Atibaia,Circuito das Frutas-SP,19.38,25.97,13.08,73.1,14.0,3.18,15837.7,1.35,6.95,sazonal_sintetico,0.652,32.57
2026-10-24,Bragança Paulista/Atibaia,Circuito das Frutas-SP,19.61,24.3,14.23,69.75,13.57,0.0,19882.2,2.69,5.8,sazonal_sintetico,0.729,40.89
2026-10-25,Bragança Paulista/Atibaia,Circuito das Frutas-SP,18.74,27.14,11.94,82.97,15.34,11.73,18085.2,2.98,5.95,sazonal_sintetico,0.42,37.19
2026-10-26,Bragança Paulista/Atibaia,Circuito das Frutas-SP,16.87,22.46,11.02,76.33,12.14,0.0,16018.4,2.88,6.45,sazonal_sintetico,0.507,32.94
2026-10-27,Bragança Paulista/Atibaia,Circuito das Frutas-SP,19.85,23.43,15.18,63.75,12.61,0.0,18415.7,2.93,9.44,sazonal_sintetico,0.858,37.87
2026-10-28,Bragança Paulista/Atibaia,Circuito das Frutas-SP,21.88,26.64,17.46,77.79,17.44,0.0,18063.8,2.59,8.57,sazonal_sintetico,0.632,37.15
2026-10-29,Bragança Paulista/Atibaia,Circuito das Frutas-SP,17.38,21.26,13.66,67.82,10.94,0.0,20118.8,2.24,8.98,sazonal_sintetico,0.677,41.37
2026-10-30,Bragança Paulista/Atibaia,Circuito das Frutas-SP,20.8,25.95,13.4,69.36,14.67,2.18,15818.6,1.81,7.07,sazonal_sintetico,0.787,32.53
2026-10-31,Bragança Paulista/Atibaia,Circuito das Frutas-SP,19.19,23.53,14.39,75.75,14.34,3.29,17562.7,0.78,6.1,sazonal_sintetico,0.59,36.12
2026-11-01,Bragança Paulista/Atibaia,Circuito das Frutas-SP,19.63,25.22,13.64,70.26,13.68,0.0,17368.1,2.57,6.97,sazonal_sintetico,0.719,35.72
2026-11-02,Bragança Paulista/Atibaia,Circuito das Frutas-SP,18.31,25.21,10.5,80.1,14.33,6.88,19604.7,2.45,8.97,sazonal_sintetico,0.471,40.32
2026-11-03,Bragança Paulista/Atibaia,Circuito das Frutas-SP,19.38,25.18,13.92,68.58,13.1,0.0,14855.0,2.75,7.3,sazonal_sintetico,0.743,30.55
2026-11-04,Bragança Paulista/Atibaia,Circuito das Frutas-SP,21.73,27.74,16.97,69.82,15.7,4.13,20665.1,1.23,5.01,sazonal_sintetico,0.818,42.5
2026-11-05,Bragança Paulista/Atibaia,Circuito das Frutas-SP,20.79,28.49,12.54,69.71,14.73,0.0,19214.9,2.82,8.02,sazonal_sintetico,0.779,39.52
2026-11-06,Bragança Paulista/Atibaia,Circuito das Frutas-SP,22.46,29.71,15.98,70.5,16.56,0.0,14313.1,3.94,8.67,sazonal_sintetico,0.835,29.43
2026-11-07,Bragança Paulista/Atibaia,Circuito das Frutas-SP,21.75,26.18,14.89,82.3,18.21,0.0,21474.4,2.36,4.98,sazonal_sintetico,0.512,44.16
2026-11-08,Bragança Paulista/Atibaia,Circuito das Frutas-SP,20.78,25.84,14.89,79.15,16.61,4.99,24437.0,2.25,6.21,sazonal_sintetico,0.563,50.25
2026-11-09,Bragança Paulista/Atibaia,Circuito das Frutas-SP,22.67,28.11,16.66,86.87,20.04,0.0,21076.6,2.55,6.11,sazonal_sintetico,0.409,43.34
2026-11-10,Bragança Paulista/Atibaia,Circuito das Frutas-SP,20.9,26.13,15.26,90.92,19.08,0.0,22356.3,3.93,10.16,sazonal_sintetico,0.263,45.98
2026-11-11,Bragança Paulista/Atibaia,Circuito das Frutas-SP,21.51,26.98,16.4,67.98,15.1,0.0,18688.5,1.48,5.38,sazonal_sintetico,0.849,38.43
2026-11-12,Bragança Paulista/Atibaia,Circuito das Frutas-SP,19.99,28.06,11.27,75.83,15.16,0.0,13885.4,2.46,8.57,sazonal_sintetico,0.614,28.56
2026-11-13,Bragança Paulista/Atibaia,Circuito das Frutas-SP,20.56,27.6,15.96,67.24,14.01,0.0,13461.7,1.66,5.87,sazonal_sintetico,0.821,27.68
2026-11-14,Bragança Paulista/Atibaia,Circuito das Frutas-SP,19.55,26.44,13.31,70.18,13.59,1.32,19426.4,1.86,7.63,sazonal_sintetico,0.718,39.95
2026-11-15,Bragança Paulista/Atibaia,Circuito das Frutas-SP,21.97,27.85,15.56,71.35,16.24,0.0,17140.9,2.26,4.94,sazonal_sintetico,0.793,35.25
2026-11-16,Bragança Paulista/Atibaia,Circuito das Frutas-SP,19.0,25.85,13.0,68.5,12.7,3.78,16323.3,3.38,10.0,sazonal_sintetico,0.729,33.57
2026-11-17,Bragança Paulista/Atibaia,Circuito das Frutas-SP,21.8,26.78,15.28,68.68,15.54,0.0,18793.3,3.74,8.14,sazonal_sintetico,0.847,38.65
2026-11-18,Bragança Paulista/Atibaia,Circuito das Frutas-SP,20.5,25.72,16.22,75.17,15.53,0.0,20776.8,2.66,5.96,sazonal_sintetico,0.647,42.73
2026-11-19,Bragança Paulista/Atibaia,Circuito das Frutas-SP,22.46,28.72,16.73,67.8,16.02,0.0,15068.9,2.0,5.21,sazonal_sintetico,0.898,30.99
2026-11-20,Bragança Paulista/Atibaia,Circuito das Frutas-SP,21.93,26.45,16.8,82.34,18.4,0.0,17962.4,4.29,7.62,sazonal_sintetico,0.516,36.94
2026-11-21,Bragança Paulista/Atibaia,Circuito das Frutas-SP,23.48,31.25,15.97,70.16,17.52,2.12,23528.7,1.96,5.79,sazonal_sintetico,0.891,48.39
2026-11-22,Bragança Paulista/Atibaia,Circuito das Frutas-SP,22.01,27.91,16.2,96.38,21.29,0.0,16371.2,1.84,7.43,sazonal_sintetico,0.114,33.67
2026-11-23,Bragança Paulista/Atibaia,Circuito das Frutas-SP,18.85,24.27,13.22,73.69,13.58,0.0,21897.5,0.88,7.63,sazonal_sintetico,0.62,45.03
2026-11-24,Bragança Paulista/Atibaia,Circuito das Frutas-SP,21.01,28.66,14.34,77.48,16.5,0.0,18184.2,3.42,8.76,sazonal_sintetico,0.611,37.4
2026-11-25,Bragança Paulista/Atibaia,Circuito das Frutas-SP,19.51,26.93,13.18,68.04,13.12,0.0,21148.1,3.07,7.81,sazonal_sintetico,0.759,43.49
2026-11-26,Bragança Paulista/Atibaia,Circuito das Frutas-SP,20.48,26.38,14.66,89.17,18.32,2.22,22769.8,4.23,8.48,sazonal_sintetico,0.304,46.83
2026-11-27,Bragança Paulista/Atibaia,Circuito das Frutas-SP,23.38,28.7,17.86,85.19,20.42,0.0,21849.4,1.19,7.33,sazonal_sintetico,0.475,44.93
2026-11-28,Bragança Paulista/Atibaia,Circuito das Frutas-SP,22.21,29.0,14.39,79.56,18.12,7.72,22395.0,3.47,9.71,sazonal_sintetico,0.598,46.06
2026-11-29,Bragança Paulista/Atibaia,Circuito das Frutas-SP,20.39,26.48,15.65,68.18,14.02,0.0,16699.4,2.36,5.82,sazonal_sintetico,0.794,34.34
2026-11-30,Bragança Paulista/Atibaia,Circuito das Frutas-SP,20.0,27.38,11.8,79.2,15.84,0.0,23115.7,2.94,9.71,sazonal_sintetico,0.538,47.54
2026-12-01,Bragança Paulista/Atibaia,Circuito das Frutas-SP,21.51,27.96,15.31,69.99,15.51,11.41,17682.4,0.98,4.96,sazonal_sintetico,0.804,36.36
2026-12-02,Bragança Paulista/Atibaia,Circuito das Frutas-SP,19.81,27.03,14.04,88.2,17.45,0.0,20868.1,3.47,9.47,sazonal_sintetico,0.317,42.92
2026-12-03,Bragança Paulista/Atibaia,Circuito das Frutas-SP,20.62,24.69,14.89,83.74,17.37,3.44,20934.8,2.93,9.76,sazonal_sintetico,0.446,43.05
2026-12-04,Bragança Paulista/Atibaia,Circuito das Frutas-SP,22.05,28.07,17.65,78.86,17.82,0.0,21639.4,2.27,7.79,sazonal_sintetico,0.611,44.5
2026-12-05,Bragança Paulista/Atibaia,Circuito das Frutas-SP,23.28,28.17,19.27,61.24,15.53,0.0,21292.6,2.82,5.62,sazonal_sintetico,1.093,43.79
2026-12-06,Bragança Paulista/Atibaia,Circuito das Frutas-SP,22.56,30.97,16.88,71.52,16.86,7.8,18053.5,1.69,6.62,sazonal_sintetico,0.814,37.13
2026-12-07,Bragança Paulista/Atibaia,Circuito das Frutas-SP,18.54,24.81,11.2,83.33,15.21,0.0,16702.4,1.84,4.43,sazonal_sintetico,0.407,34.35
2026-12-08,Bragança Paulista/Atibaia,Circuito das Frutas-SP,22.22,29.44,16.01,87.11,19.64,0.0,22989.3,1.93,7.87,sazonal_sintetico,0.393,47.28
2026-12-09,Bragança Paulista/Atibaia,Circuito das Frutas-SP,21.94,27.86,15.97,86.49,19.24,2.53,21130.5,0.82,4.22,sazonal_sintetico,0.404,43.45
2026-12-10,Bragança Paulista/Atibaia,Circuito das Frutas-SP,22.46,27.4,18.17,67.68,16.0,0.0,23890.7,2.99,8.47,sazonal_sintetico,0.901,49.13
2026-12-11,Bragança Paulista/Atibaia,Circuito das Frutas-SP,24.19,31.66,17.93,81.04,20.4,1.57,20608.2,3.25,9.8,sazonal_sintetico,0.622,42.38
2026-12-12,Bragança Paulista/Atibaia,Circuito das Frutas-SP,19.08,24.24,14.41,86.13,16.3,0.0,16858.8,1.74,4.64,sazonal_sintetico,0.354,34.67
2026-12-13,Bragança Paulista/Atibaia,Circuito das Frutas-SP,21.18,25.68,15.83,67.51,14.68,10.13,23556.9,2.58,6.54,sazonal_sintetico,0.844,48.44
2026-12-14,Bragança Paulista/Atibaia,Circuito das Frutas-SP,22.87,29.27,18.29,79.16,18.71,0.0,19871.9,2.09,7.32,sazonal_sintetico,0.631,40.87
2026-12-15,Bragança Paulista/Atibaia,Circuito das Frutas-SP,19.87,24.2,15.91,81.22,16.12,0.0,21922.4,2.56,6.66,sazonal_sintetico,0.488,45.08
2026-12-16,Bragança Paulista/Atibaia,Circuito das Frutas-SP,24.19,30.96,18.85,77.29,19.65,0.24,19206.5,1.8,4.67,sazonal_sintetico,0.73,39.5
2026-12-17,Bragança Paulista/Atibaia,Circuito das Frutas-SP,22.68,28.21,17.22,66.52,15.98,3.77,25676.7,1.59,3.74,sazonal_sintetico,0.939,52.8
2026-12-18,Bragança Paulista/Atibaia,Circuito das Frutas-SP,23.38,28.77,17.73,77.29,18.84,0.0,18670.2,3.14,7.17,sazonal_sintetico,0.699,38.4
2026-12-19,Bragança Paulista/Atibaia,Circuito das Frutas-SP,21.43,25.23,16.03,77.36,16.9,0.0,20230.3,2.25,7.49,sazonal_sintetico,0.628,41.6
2026-12-20,Bragança Paulista/Atibaia,Circuito das Frutas-SP,23.4,28.6,17.87,78.69,19.14,0.0,21525.1,3.92,8.79,sazonal_sintetico,0.662,44.27
2026-12-21,Bragança Paulista/Atibaia,Circuito das Frutas-SP,23.79,30.6,16.83,75.86,18.97,8.2,18213.9,2.34,5.12,sazonal_sintetico,0.754,37.46
2026-12-22,Bragança Paulista/Atibaia,Circuito das Frutas-SP,22.66,27.27,18.16,76.78,18.01,7.16,22243.8,1.56,5.81,sazonal_sintetico,0.686,45.74
2026-12-23,Bragança Paulista/Atibaia,Circuito das Frutas-SP,22.69,29.13,16.03,79.68,18.62,0.0,25876.6,3.28,7.13,sazonal_sintetico,0.61,53.22
2026-12-24,Bragança Paulista/Atibaia,Circuito das Frutas-SP,22.77,27.0,17.3,83.13,19.39,0.0,20033.4,2.8,6.18,sazonal_sintetico,0.518,41.2
2026-12-25,Bragança Paulista/Atibaia,Circuito das Frutas-SP,21.21,26.43,13.44,77.97,16.8,0.0,22555.1,2.88,8.53,sazonal_sintetico,0.606,46.38
2026-12-26,Bragança Paulista/Atibaia,Circuito das Frutas-SP,22.24,26.65,15.56,77.3,17.7,0.0,13790.8,3.25,6.8,sazonal_sintetico,0.658,28.36
2026-12-27,Bragança Paulista/Atibaia,Circuito das Frutas-SP,22.26,27.28,17.41,80.87,18.44,0.0,21419.3,1.78,6.48,sazonal_sintetico,0.565,44.05
2026-12-28,Bragança Paulista/Atibaia,Circuito das Frutas-SP,23.04,27.72,18.0,66.84,16.41,12.06,20689.4,2.2,8.81,sazonal_sintetico,0.95,42.55
2026-12-29,Bragança Paulista/Atibaia,Circuito das Frutas-SP,23.92,29.82,19.38,83.69,20.66,1.26,19310.2,2.16,6.86,sazonal_sintetico,0.535,39.71
2026-12-30,Bragança Paulista/Atibaia,Circuito das Frutas-SP,21.07,30.4,12.87,80.4,17.15,0.0,24664.7,1.27,6.35,sazonal_sintetico,0.541,50.72
2026-12-31,Bragança Paulista/Atibaia,Circuito das Frutas-SP,22.4,26.43,19.04,80.74,18.54,0.0,20756.2,2.09,4.46,sazonal_sintetico,0.573,42.69
